booking_number,flight_number,travel_date,user_id
1,TG812,2020-04-15T15:46:48Z,1
2,TG377,2020-05-04T13:50:23Z,2
3,TG644,2020-04-18T06:01:16Z,3
4,TG085,2020-05-19T19:09:19Z,4
5,TG945,2019-11-08T21:26:08Z,5
6,TG895,2019-10-17T19:54:31Z,6
7,TG501,2019-09-25T01:41:42Z,7
8,TG596,2020-07-21T11:49:31Z,8
9,TG048,2020-11-20T06:53:51Z,9
10,TG061,2019-11-20T03:51:48Z,10
11,TG331,2020-04-13T16:11:18Z,11
12,TG958,2020-02-07T09:39:05Z,12
13,TG735,2019-10-31T12:47:55Z,13
14,TG175,2020-09-05T08:59:45Z,14
15,TG730,2020-11-30T05:08:44Z,15
16,TG420,2020-04-03T20:18:45Z,16
17,TG834,2019-11-22T07:50:56Z,17
18,TG798,2019-12-25T17:50:03Z,18
19,TG623,2020-06-20T19:00:53Z,19
20,TG822,2020-04-14T09:32:35Z,20
21,TG942,2020-10-01T16:53:28Z,21
22,TG164,2020-04-05T19:43:30Z,22
23,TG089,2020-06-01T00:37:47Z,23
24,TG910,2020-06-01T16:49:37Z,24
25,TG670,2020-08-03T08:25:38Z,25
26,TG455,2020-10-09T03:02:19Z,26
27,TG033,2020-02-05T13:35:41Z,27
28,TG668,2020-08-24T03:42:06Z,28
29,TG447,2020-04-03T19:07:44Z,29
30,TG477,2020-07-25T02:53:04Z,30
31,TG604,2020-03-30T11:52:40Z,31
32,TG164,2019-12-26T10:09:23Z,32
33,TG062,2020-06-03T23:46:04Z,33
34,TG928,2020-12-08T03:04:17Z,34
35,TG519,2019-09-27T20:50:20Z,35
36,TG820,2019-10-18T02:23:25Z,36
37,TG106,2020-09-02T23:32:01Z,37
38,TG203,2020-08-18T02:02:32Z,38
39,TG050,2020-08-04T20:41:15Z,39
40,TG358,2020-04-23T20:30:04Z,40
41,TG489,2020-08-10T16:39:07Z,41
42,TG385,2019-10-17T14:21:05Z,42
43,TG838,2020-05-09T11:44:02Z,43
44,TG492,2019-11-18T12:26:43Z,44
45,TG812,2020-04-01T20:42:13Z,45
46,TG982,2020-10-20T13:08:16Z,46
47,TG212,2019-10-08T03:28:41Z,47
48,TG504,2019-09-22T22:42:00Z,48
49,TG689,2019-10-02T06:21:25Z,49
50,TG449,2020-12-10T12:45:13Z,50
51,TG135,2020-03-21T21:53:08Z,51
52,TG907,2019-12-03T07:33:26Z,52
53,TG887,2020-05-05T14:36:40Z,53
54,TG098,2020-06-06T13:15:14Z,54
55,TG057,2020-04-27T17:53:59Z,55
56,TG596,2020-06-05T01:38:27Z,56
57,TG174,2020-01-30T23:26:26Z,57
58,TG532,2020-02-24T05:29:07Z,58
59,TG533,2020-08-08T07:08:51Z,59
60,TG885,2019-12-26T23:47:53Z,60
61,TG204,2020-11-29T04:08:45Z,61
62,TG879,2019-10-17T04:18:16Z,62
63,TG495,2020-07-12T11:36:09Z,63
64,TG938,2020-07-13T05:58:13Z,64
65,TG663,2019-12-13T17:16:20Z,65
66,TG825,2020-07-14T13:06:40Z,66
67,TG687,2020-03-05T07:00:42Z,67
68,TG272,2019-11-09T21:41:21Z,68
69,TG749,2019-12-21T07:00:17Z,69
70,TG380,2020-04-14T07:05:50Z,70
71,TG235,2020-11-28T23:48:41Z,71
72,TG005,2020-08-05T04:31:28Z,72
73,TG505,2019-10-20T13:41:52Z,73
74,TG583,2020-02-23T04:17:53Z,74
75,TG905,2020-10-27T21:12:09Z,75
76,TG344,2020-01-04T00:40:56Z,76
77,TG763,2020-05-02T01:14:46Z,77
78,TG418,2020-02-24T20:43:21Z,78
79,TG747,2020-05-19T22:40:30Z,79
80,TG409,2020-05-20T09:44:18Z,80
81,TG122,2020-12-16T11:57:34Z,81
82,TG967,2020-10-28T09:43:26Z,82
83,TG888,2020-10-13T15:56:42Z,83
84,TG879,2020-11-21T03:42:04Z,84
85,TG682,2020-08-08T08:55:52Z,85
86,TG046,2020-10-13T00:41:57Z,86
87,TG939,2019-12-07T07:27:02Z,87
88,TG972,2020-06-19T07:02:23Z,88
89,TG036,2020-12-16T18:57:04Z,89
90,TG003,2019-09-27T11:58:47Z,90
91,TG485,2020-08-24T21:14:10Z,91
92,TG473,2020-04-06T23:19:35Z,92
93,TG711,2020-12-25T05:55:39Z,93
94,TG702,2020-09-04T07:29:40Z,94
95,TG472,2020-09-03T00:11:31Z,95
96,TG457,2020-01-13T17:15:24Z,96
97,TG017,2019-11-29T20:26:37Z,97
98,TG837,2020-10-01T11:39:10Z,98
99,TG948,2020-08-27T16:02:14Z,99
100,TG380,2020-06-28T14:26:33Z,100
101,TG940,2020-02-20T04:13:53Z,101
102,TG952,2020-01-15T09:01:42Z,102
103,TG071,2020-08-21T22:02:55Z,103
104,TG879,2020-01-27T08:40:16Z,104
105,TG479,2020-10-22T04:06:07Z,105
106,TG358,2020-03-06T06:30:11Z,106
107,TG613,2020-02-21T05:32:44Z,107
108,TG228,2020-10-14T05:51:39Z,108
109,TG270,2020-02-05T12:59:36Z,109
110,TG673,2019-10-13T15:57:00Z,110
111,TG915,2020-05-23T13:26:44Z,111
112,TG292,2020-08-31T13:38:32Z,112
113,TG011,2019-12-31T05:58:12Z,113
114,TG804,2020-08-10T21:50:18Z,114
115,TG722,2020-12-05T23:14:34Z,115
116,TG516,2019-09-27T02:20:05Z,116
117,TG289,2019-10-29T00:43:49Z,117
118,TG445,2020-10-15T14:56:45Z,118
119,TG803,2020-09-19T18:28:03Z,119
120,TG622,2020-08-04T03:48:46Z,120
121,TG781,2020-03-04T20:48:21Z,121
122,TG857,2020-09-15T00:34:41Z,122
123,TG340,2019-11-23T01:19:18Z,123
124,TG763,2020-12-22T20:56:40Z,124
125,TG805,2020-03-29T02:39:44Z,125
126,TG756,2020-03-05T11:59:10Z,126
127,TG376,2020-09-04T17:08:49Z,127
128,TG521,2019-10-21T17:10:53Z,128
129,TG547,2020-11-24T03:24:14Z,129
130,TG165,2020-03-25T10:03:45Z,130
131,TG152,2020-05-17T23:38:31Z,131
132,TG856,2020-06-17T14:57:27Z,132
133,TG060,2020-10-17T12:43:33Z,133
134,TG235,2020-04-19T22:24:45Z,134
135,TG069,2020-12-05T02:16:28Z,135
136,TG736,2019-12-08T21:25:00Z,136
137,TG590,2020-12-05T18:50:13Z,137
138,TG865,2020-12-08T12:18:43Z,138
139,TG275,2020-07-21T00:51:38Z,139
140,TG375,2020-10-08T08:44:43Z,140
141,TG350,2020-06-16T20:41:17Z,141
142,TG158,2020-06-14T06:50:52Z,142
143,TG788,2019-09-23T22:19:52Z,143
144,TG019,2020-07-30T19:59:57Z,144
145,TG222,2020-07-18T02:11:35Z,145
146,TG226,2020-06-16T15:29:17Z,146
147,TG891,2020-01-04T16:46:03Z,147
148,TG583,2020-04-16T05:53:31Z,148
149,TG194,2020-12-20T05:09:23Z,149
150,TG373,2020-07-14T08:08:31Z,150
151,TG574,2020-12-11T15:02:55Z,151
152,TG023,2019-10-25T18:59:20Z,152
153,TG341,2020-10-28T11:46:36Z,153
154,TG354,2019-11-03T03:32:09Z,154
155,TG066,2020-06-21T05:58:03Z,155
156,TG110,2019-11-09T06:21:39Z,156
157,TG018,2019-11-09T16:34:17Z,157
158,TG584,2020-04-02T08:20:55Z,158
159,TG782,2020-10-13T15:52:58Z,159
160,TG628,2019-09-26T12:43:17Z,160
161,TG810,2020-05-09T15:15:12Z,161
162,TG576,2020-10-03T13:15:30Z,162
163,TG159,2020-03-02T07:11:27Z,163
164,TG863,2019-11-21T18:37:08Z,164
165,TG506,2020-06-29T23:16:21Z,165
166,TG258,2020-07-20T17:11:36Z,166
167,TG094,2020-08-29T17:47:33Z,167
168,TG840,2020-03-20T03:20:41Z,168
169,TG621,2020-08-01T12:58:05Z,169
170,TG880,2020-04-06T10:20:36Z,170
171,TG672,2020-09-23T12:50:02Z,171
172,TG607,2020-06-28T14:42:33Z,172
173,TG831,2020-10-05T06:06:43Z,173
174,TG492,2020-06-05T04:33:06Z,174
175,TG764,2020-08-08T04:25:01Z,175
176,TG997,2020-10-13T07:02:03Z,176
177,TG214,2020-03-10T23:20:51Z,177
178,TG368,2020-12-17T23:57:28Z,178
179,TG531,2020-07-20T14:41:21Z,179
180,TG530,2020-05-13T16:27:01Z,180
181,TG273,2019-09-20T11:31:11Z,181
182,TG059,2020-05-22T06:08:41Z,182
183,TG254,2020-11-14T03:43:14Z,183
184,TG342,2019-09-17T06:55:26Z,184
185,TG875,2020-05-17T16:42:47Z,185
186,TG237,2020-06-06T00:38:09Z,186
187,TG220,2019-11-21T23:22:39Z,187
188,TG990,2020-08-16T21:48:26Z,188
189,TG453,2020-03-23T07:55:28Z,189
190,TG771,2020-01-31T22:13:52Z,190
191,TG104,2020-12-19T17:33:47Z,191
192,TG799,2020-08-30T20:38:30Z,192
193,TG836,2020-08-15T15:56:04Z,193
194,TG011,2020-02-03T02:30:55Z,194
195,TG895,2020-08-24T09:10:50Z,195
196,TG667,2020-05-28T22:53:13Z,196
197,TG662,2020-02-18T21:42:59Z,197
198,TG018,2020-07-12T17:11:10Z,198
199,TG956,2020-09-16T04:57:15Z,199
200,TG751,2020-09-13T16:20:13Z,200
201,TG812,2020-04-15T15:46:48Z,201
202,TG377,2020-05-04T13:50:23Z,202
203,TG644,2020-04-18T06:01:16Z,203
204,TG085,2020-05-19T19:09:19Z,204
205,TG945,2019-11-08T21:26:08Z,205
206,TG895,2019-10-17T19:54:31Z,206
207,TG501,2019-09-25T01:41:42Z,207
208,TG596,2020-07-21T11:49:31Z,208
209,TG048,2020-11-20T06:53:51Z,209
210,TG061,2019-11-20T03:51:48Z,210
211,TG331,2020-04-13T16:11:18Z,211
212,TG958,2020-02-07T09:39:05Z,212
213,TG735,2019-10-31T12:47:55Z,213
214,TG175,2020-09-05T08:59:45Z,214
215,TG730,2020-11-30T05:08:44Z,215
216,TG420,2020-04-03T20:18:45Z,216
217,TG834,2019-11-22T07:50:56Z,217
218,TG798,2019-12-25T17:50:03Z,218
219,TG623,2020-06-20T19:00:53Z,219
220,TG822,2020-04-14T09:32:35Z,220
221,TG942,2020-10-01T16:53:28Z,221
222,TG164,2020-04-05T19:43:30Z,222
223,TG089,2020-06-01T00:37:47Z,223
224,TG910,2020-06-01T16:49:37Z,224
225,TG670,2020-08-03T08:25:38Z,225
226,TG455,2020-10-09T03:02:19Z,226
227,TG033,2020-02-05T13:35:41Z,227
228,TG668,2020-08-24T03:42:06Z,228
229,TG447,2020-04-03T19:07:44Z,229
230,TG477,2020-07-25T02:53:04Z,230
231,TG604,2020-03-30T11:52:40Z,231
232,TG164,2019-12-26T10:09:23Z,232
233,TG062,2020-06-03T23:46:04Z,233
234,TG928,2020-12-08T03:04:17Z,234
235,TG519,2019-09-27T20:50:20Z,235
236,TG820,2019-10-18T02:23:25Z,236
237,TG106,2020-09-02T23:32:01Z,237
238,TG203,2020-08-18T02:02:32Z,238
239,TG050,2020-08-04T20:41:15Z,239
240,TG358,2020-04-23T20:30:04Z,240
241,TG489,2020-08-10T16:39:07Z,241
242,TG385,2019-10-17T14:21:05Z,242
243,TG838,2020-05-09T11:44:02Z,243
244,TG492,2019-11-18T12:26:43Z,244
245,TG812,2020-04-01T20:42:13Z,245
246,TG982,2020-10-20T13:08:16Z,246
247,TG212,2019-10-08T03:28:41Z,247
248,TG504,2019-09-22T22:42:00Z,248
249,TG689,2019-10-02T06:21:25Z,249
250,TG449,2020-12-10T12:45:13Z,250
251,TG135,2020-03-21T21:53:08Z,251
252,TG907,2019-12-03T07:33:26Z,252
253,TG887,2020-05-05T14:36:40Z,253
254,TG098,2020-06-06T13:15:14Z,254
255,TG057,2020-04-27T17:53:59Z,255
256,TG596,2020-06-05T01:38:27Z,256
257,TG174,2020-01-30T23:26:26Z,257
258,TG532,2020-02-24T05:29:07Z,258
259,TG533,2020-08-08T07:08:51Z,259
260,TG885,2019-12-26T23:47:53Z,260
261,TG204,2020-11-29T04:08:45Z,261
262,TG879,2019-10-17T04:18:16Z,262
263,TG495,2020-07-12T11:36:09Z,263
264,TG938,2020-07-13T05:58:13Z,264
265,TG663,2019-12-13T17:16:20Z,265
266,TG825,2020-07-14T13:06:40Z,266
267,TG687,2020-03-05T07:00:42Z,267
268,TG272,2019-11-09T21:41:21Z,268
269,TG749,2019-12-21T07:00:17Z,269
270,TG380,2020-04-14T07:05:50Z,270
271,TG235,2020-11-28T23:48:41Z,271
272,TG005,2020-08-05T04:31:28Z,272
273,TG505,2019-10-20T13:41:52Z,273
274,TG583,2020-02-23T04:17:53Z,274
275,TG905,2020-10-27T21:12:09Z,275
276,TG344,2020-01-04T00:40:56Z,276
277,TG763,2020-05-02T01:14:46Z,277
278,TG418,2020-02-24T20:43:21Z,278
279,TG747,2020-05-19T22:40:30Z,279
280,TG409,2020-05-20T09:44:18Z,280
281,TG122,2020-12-16T11:57:34Z,281
282,TG967,2020-10-28T09:43:26Z,282
283,TG888,2020-10-13T15:56:42Z,283
284,TG879,2020-11-21T03:42:04Z,284
285,TG682,2020-08-08T08:55:52Z,285
286,TG046,2020-10-13T00:41:57Z,286
287,TG939,2019-12-07T07:27:02Z,287
288,TG972,2020-06-19T07:02:23Z,288
289,TG036,2020-12-16T18:57:04Z,289
290,TG003,2019-09-27T11:58:47Z,290
291,TG485,2020-08-24T21:14:10Z,291
292,TG473,2020-04-06T23:19:35Z,292
293,TG711,2020-12-25T05:55:39Z,293
294,TG702,2020-09-04T07:29:40Z,294
295,TG472,2020-09-03T00:11:31Z,295
296,TG457,2020-01-13T17:15:24Z,296
297,TG017,2019-11-29T20:26:37Z,297
298,TG837,2020-10-01T11:39:10Z,298
299,TG948,2020-08-27T16:02:14Z,299
300,TG380,2020-06-28T14:26:33Z,300
301,TG940,2020-02-20T04:13:53Z,1
302,TG952,2020-01-15T09:01:42Z,2
303,TG071,2020-08-21T22:02:55Z,3
304,TG879,2020-01-27T08:40:16Z,4
305,TG479,2020-10-22T04:06:07Z,5
306,TG358,2020-03-06T06:30:11Z,6
307,TG613,2020-02-21T05:32:44Z,7
308,TG228,2020-10-14T05:51:39Z,8
309,TG270,2020-02-05T12:59:36Z,9
310,TG673,2019-10-13T15:57:00Z,10
311,TG915,2020-05-23T13:26:44Z,11
312,TG292,2020-08-31T13:38:32Z,12
313,TG011,2019-12-31T05:58:12Z,13
314,TG804,2020-08-10T21:50:18Z,14
315,TG722,2020-12-05T23:14:34Z,15
316,TG516,2019-09-27T02:20:05Z,16
317,TG289,2019-10-29T00:43:49Z,17
318,TG445,2020-10-15T14:56:45Z,18
319,TG803,2020-09-19T18:28:03Z,19
320,TG622,2020-08-04T03:48:46Z,20
321,TG781,2020-03-04T20:48:21Z,21
322,TG857,2020-09-15T00:34:41Z,22
323,TG340,2019-11-23T01:19:18Z,23
324,TG763,2020-12-22T20:56:40Z,24
325,TG805,2020-03-29T02:39:44Z,25
326,TG756,2020-03-05T11:59:10Z,26
327,TG376,2020-09-04T17:08:49Z,27
328,TG521,2019-10-21T17:10:53Z,28
329,TG547,2020-11-24T03:24:14Z,29
330,TG165,2020-03-25T10:03:45Z,30
331,TG152,2020-05-17T23:38:31Z,31
332,TG856,2020-06-17T14:57:27Z,32
333,TG060,2020-10-17T12:43:33Z,33
334,TG235,2020-04-19T22:24:45Z,34
335,TG069,2020-12-05T02:16:28Z,35
336,TG736,2019-12-08T21:25:00Z,36
337,TG590,2020-12-05T18:50:13Z,37
338,TG865,2020-12-08T12:18:43Z,38
339,TG275,2020-07-21T00:51:38Z,39
340,TG375,2020-10-08T08:44:43Z,40
341,TG350,2020-06-16T20:41:17Z,41
342,TG158,2020-06-14T06:50:52Z,42
343,TG788,2019-09-23T22:19:52Z,43
344,TG019,2020-07-30T19:59:57Z,44
345,TG222,2020-07-18T02:11:35Z,45
346,TG226,2020-06-16T15:29:17Z,46
347,TG891,2020-01-04T16:46:03Z,47
348,TG583,2020-04-16T05:53:31Z,48
349,TG194,2020-12-20T05:09:23Z,49
350,TG373,2020-07-14T08:08:31Z,50
351,TG574,2020-12-11T15:02:55Z,51
352,TG023,2019-10-25T18:59:20Z,52
353,TG341,2020-10-28T11:46:36Z,53
354,TG354,2019-11-03T03:32:09Z,54
355,TG066,2020-06-21T05:58:03Z,55
356,TG110,2019-11-09T06:21:39Z,56
357,TG018,2019-11-09T16:34:17Z,57
358,TG584,2020-04-02T08:20:55Z,58
359,TG782,2020-10-13T15:52:58Z,59
360,TG628,2019-09-26T12:43:17Z,60
361,TG810,2020-05-09T15:15:12Z,61
362,TG576,2020-10-03T13:15:30Z,62
363,TG159,2020-03-02T07:11:27Z,63
364,TG863,2019-11-21T18:37:08Z,64
365,TG506,2020-06-29T23:16:21Z,65
366,TG258,2020-07-20T17:11:36Z,66
367,TG094,2020-08-29T17:47:33Z,67
368,TG840,2020-03-20T03:20:41Z,68
369,TG621,2020-08-01T12:58:05Z,69
370,TG880,2020-04-06T10:20:36Z,70
371,TG672,2020-09-23T12:50:02Z,71
372,TG607,2020-06-28T14:42:33Z,72
373,TG831,2020-10-05T06:06:43Z,73
374,TG492,2020-06-05T04:33:06Z,74
375,TG764,2020-08-08T04:25:01Z,75
376,TG997,2020-10-13T07:02:03Z,76
377,TG214,2020-03-10T23:20:51Z,77
378,TG368,2020-12-17T23:57:28Z,78
379,TG531,2020-07-20T14:41:21Z,79
380,TG530,2020-05-13T16:27:01Z,80
381,TG273,2019-09-20T11:31:11Z,81
382,TG059,2020-05-22T06:08:41Z,82
383,TG254,2020-11-14T03:43:14Z,83
384,TG342,2019-09-17T06:55:26Z,84
385,TG875,2020-05-17T16:42:47Z,85
386,TG237,2020-06-06T00:38:09Z,86
387,TG220,2019-11-21T23:22:39Z,87
388,TG990,2020-08-16T21:48:26Z,88
389,TG453,2020-03-23T07:55:28Z,89
390,TG771,2020-01-31T22:13:52Z,90
391,TG104,2020-12-19T17:33:47Z,91
392,TG799,2020-08-30T20:38:30Z,92
393,TG836,2020-08-15T15:56:04Z,93
394,TG011,2020-02-03T02:30:55Z,94
395,TG895,2020-08-24T09:10:50Z,95
396,TG667,2020-05-28T22:53:13Z,96
397,TG662,2020-02-18T21:42:59Z,97
398,TG018,2020-07-12T17:11:10Z,98
399,TG956,2020-09-16T04:57:15Z,99
400,TG751,2020-09-13T16:20:13Z,100
401,TG812,2020-04-15T15:46:48Z,101
402,TG377,2020-05-04T13:50:23Z,102
403,TG644,2020-04-18T06:01:16Z,103
404,TG085,2020-05-19T19:09:19Z,104
405,TG945,2019-11-08T21:26:08Z,105
406,TG895,2019-10-17T19:54:31Z,106
407,TG501,2019-09-25T01:41:42Z,107
408,TG596,2020-07-21T11:49:31Z,108
409,TG048,2020-11-20T06:53:51Z,109
410,TG061,2019-11-20T03:51:48Z,110
411,TG331,2020-04-13T16:11:18Z,111
412,TG958,2020-02-07T09:39:05Z,112
413,TG735,2019-10-31T12:47:55Z,113
414,TG175,2020-09-05T08:59:45Z,114
415,TG730,2020-11-30T05:08:44Z,115
416,TG420,2020-04-03T20:18:45Z,116
417,TG834,2019-11-22T07:50:56Z,117
418,TG798,2019-12-25T17:50:03Z,118
419,TG623,2020-06-20T19:00:53Z,119
420,TG822,2020-04-14T09:32:35Z,120
421,TG942,2020-10-01T16:53:28Z,121
422,TG164,2020-04-05T19:43:30Z,122
423,TG089,2020-06-01T00:37:47Z,123
424,TG910,2020-06-01T16:49:37Z,124
425,TG670,2020-08-03T08:25:38Z,125
426,TG455,2020-10-09T03:02:19Z,126
427,TG033,2020-02-05T13:35:41Z,127
428,TG668,2020-08-24T03:42:06Z,128
429,TG447,2020-04-03T19:07:44Z,129
430,TG477,2020-07-25T02:53:04Z,130
431,TG604,2020-03-30T11:52:40Z,131
432,TG164,2019-12-26T10:09:23Z,132
433,TG062,2020-06-03T23:46:04Z,133
434,TG928,2020-12-08T03:04:17Z,134
435,TG519,2019-09-27T20:50:20Z,135
436,TG820,2019-10-18T02:23:25Z,136
437,TG106,2020-09-02T23:32:01Z,137
438,TG203,2020-08-18T02:02:32Z,138
439,TG050,2020-08-04T20:41:15Z,139
440,TG358,2020-04-23T20:30:04Z,140
441,TG489,2020-08-10T16:39:07Z,141
442,TG385,2019-10-17T14:21:05Z,142
443,TG838,2020-05-09T11:44:02Z,143
444,TG492,2019-11-18T12:26:43Z,144
445,TG812,2020-04-01T20:42:13Z,145
446,TG982,2020-10-20T13:08:16Z,146
447,TG212,2019-10-08T03:28:41Z,147
448,TG504,2019-09-22T22:42:00Z,148
449,TG689,2019-10-02T06:21:25Z,149
450,TG449,2020-12-10T12:45:13Z,150
451,TG135,2020-03-21T21:53:08Z,151
452,TG907,2019-12-03T07:33:26Z,152
453,TG887,2020-05-05T14:36:40Z,153
454,TG098,2020-06-06T13:15:14Z,154
455,TG057,2020-04-27T17:53:59Z,155
456,TG596,2020-06-05T01:38:27Z,156
457,TG174,2020-01-30T23:26:26Z,157
458,TG532,2020-02-24T05:29:07Z,158
459,TG533,2020-08-08T07:08:51Z,159
460,TG885,2019-12-26T23:47:53Z,160
461,TG204,2020-11-29T04:08:45Z,161
462,TG879,2019-10-17T04:18:16Z,162
463,TG495,2020-07-12T11:36:09Z,163
464,TG938,2020-07-13T05:58:13Z,164
465,TG663,2019-12-13T17:16:20Z,165
466,TG825,2020-07-14T13:06:40Z,166
467,TG687,2020-03-05T07:00:42Z,167
468,TG272,2019-11-09T21:41:21Z,168
469,TG749,2019-12-21T07:00:17Z,169
470,TG380,2020-04-14T07:05:50Z,170
471,TG235,2020-11-28T23:48:41Z,171
472,TG005,2020-08-05T04:31:28Z,172
473,TG505,2019-10-20T13:41:52Z,173
474,TG583,2020-02-23T04:17:53Z,174
475,TG905,2020-10-27T21:12:09Z,175
476,TG344,2020-01-04T00:40:56Z,176
477,TG763,2020-05-02T01:14:46Z,177
478,TG418,2020-02-24T20:43:21Z,178
479,TG747,2020-05-19T22:40:30Z,179
480,TG409,2020-05-20T09:44:18Z,180
481,TG122,2020-12-16T11:57:34Z,181
482,TG967,2020-10-28T09:43:26Z,182
483,TG888,2020-10-13T15:56:42Z,183
484,TG879,2020-11-21T03:42:04Z,184
485,TG682,2020-08-08T08:55:52Z,185
486,TG046,2020-10-13T00:41:57Z,186
487,TG939,2019-12-07T07:27:02Z,187
488,TG972,2020-06-19T07:02:23Z,188
489,TG036,2020-12-16T18:57:04Z,189
490,TG003,2019-09-27T11:58:47Z,190
491,TG485,2020-08-24T21:14:10Z,191
492,TG473,2020-04-06T23:19:35Z,192
493,TG711,2020-12-25T05:55:39Z,193
494,TG702,2020-09-04T07:29:40Z,194
495,TG472,2020-09-03T00:11:31Z,195
496,TG457,2020-01-13T17:15:24Z,196
497,TG017,2019-11-29T20:26:37Z,197
498,TG837,2020-10-01T11:39:10Z,198
499,TG948,2020-08-27T16:02:14Z,199
500,TG380,2020-06-28T14:26:33Z,200
501,TG940,2020-02-20T04:13:53Z,201
502,TG952,2020-01-15T09:01:42Z,202
503,TG071,2020-08-21T22:02:55Z,203
504,TG879,2020-01-27T08:40:16Z,204
505,TG479,2020-10-22T04:06:07Z,205
506,TG358,2020-03-06T06:30:11Z,206
507,TG613,2020-02-21T05:32:44Z,207
508,TG228,2020-10-14T05:51:39Z,208
509,TG270,2020-02-05T12:59:36Z,209
510,TG673,2019-10-13T15:57:00Z,210
511,TG915,2020-05-23T13:26:44Z,211
512,TG292,2020-08-31T13:38:32Z,212
513,TG011,2019-12-31T05:58:12Z,213
514,TG804,2020-08-10T21:50:18Z,214
515,TG722,2020-12-05T23:14:34Z,215
516,TG516,2019-09-27T02:20:05Z,216
517,TG289,2019-10-29T00:43:49Z,217
518,TG445,2020-10-15T14:56:45Z,218
519,TG803,2020-09-19T18:28:03Z,219
520,TG622,2020-08-04T03:48:46Z,220
521,TG781,2020-03-04T20:48:21Z,221
522,TG857,2020-09-15T00:34:41Z,222
523,TG340,2019-11-23T01:19:18Z,223
524,TG763,2020-12-22T20:56:40Z,224
525,TG805,2020-03-29T02:39:44Z,225
526,TG756,2020-03-05T11:59:10Z,226
527,TG376,2020-09-04T17:08:49Z,227
528,TG521,2019-10-21T17:10:53Z,228
529,TG547,2020-11-24T03:24:14Z,229
530,TG165,2020-03-25T10:03:45Z,230
531,TG152,2020-05-17T23:38:31Z,231
532,TG856,2020-06-17T14:57:27Z,232
533,TG060,2020-10-17T12:43:33Z,233
534,TG235,2020-04-19T22:24:45Z,234
535,TG069,2020-12-05T02:16:28Z,235
536,TG736,2019-12-08T21:25:00Z,236
537,TG590,2020-12-05T18:50:13Z,237
538,TG865,2020-12-08T12:18:43Z,238
539,TG275,2020-07-21T00:51:38Z,239
540,TG375,2020-10-08T08:44:43Z,240
541,TG350,2020-06-16T20:41:17Z,241
542,TG158,2020-06-14T06:50:52Z,242
543,TG788,2019-09-23T22:19:52Z,243
544,TG019,2020-07-30T19:59:57Z,244
545,TG222,2020-07-18T02:11:35Z,245
546,TG226,2020-06-16T15:29:17Z,246
547,TG891,2020-01-04T16:46:03Z,247
548,TG583,2020-04-16T05:53:31Z,248
549,TG194,2020-12-20T05:09:23Z,249
550,TG373,2020-07-14T08:08:31Z,250
551,TG574,2020-12-11T15:02:55Z,251
552,TG023,2019-10-25T18:59:20Z,252
553,TG341,2020-10-28T11:46:36Z,253
554,TG354,2019-11-03T03:32:09Z,254
555,TG066,2020-06-21T05:58:03Z,255
556,TG110,2019-11-09T06:21:39Z,256
557,TG018,2019-11-09T16:34:17Z,257
558,TG584,2020-04-02T08:20:55Z,258
559,TG782,2020-10-13T15:52:58Z,259
560,TG628,2019-09-26T12:43:17Z,260
561,TG810,2020-05-09T15:15:12Z,261
562,TG576,2020-10-03T13:15:30Z,262
563,TG159,2020-03-02T07:11:27Z,263
564,TG863,2019-11-21T18:37:08Z,264
565,TG506,2020-06-29T23:16:21Z,265
566,TG258,2020-07-20T17:11:36Z,266
567,TG094,2020-08-29T17:47:33Z,267
568,TG840,2020-03-20T03:20:41Z,268
569,TG621,2020-08-01T12:58:05Z,269
570,TG880,2020-04-06T10:20:36Z,270
571,TG672,2020-09-23T12:50:02Z,271
572,TG607,2020-06-28T14:42:33Z,272
573,TG831,2020-10-05T06:06:43Z,273
574,TG492,2020-06-05T04:33:06Z,274
575,TG764,2020-08-08T04:25:01Z,275
576,TG997,2020-10-13T07:02:03Z,276
577,TG214,2020-03-10T23:20:51Z,277
578,TG368,2020-12-17T23:57:28Z,278
579,TG531,2020-07-20T14:41:21Z,279
580,TG530,2020-05-13T16:27:01Z,280
581,TG273,2019-09-20T11:31:11Z,281
582,TG059,2020-05-22T06:08:41Z,282
583,TG254,2020-11-14T03:43:14Z,283
584,TG342,2019-09-17T06:55:26Z,284
585,TG875,2020-05-17T16:42:47Z,285
586,TG237,2020-06-06T00:38:09Z,286
587,TG220,2019-11-21T23:22:39Z,287
588,TG990,2020-08-16T21:48:26Z,288
589,TG453,2020-03-23T07:55:28Z,289
590,TG771,2020-01-31T22:13:52Z,290
591,TG104,2020-12-19T17:33:47Z,291
592,TG799,2020-08-30T20:38:30Z,292
593,TG836,2020-08-15T15:56:04Z,293
594,TG011,2020-02-03T02:30:55Z,294
595,TG895,2020-08-24T09:10:50Z,295
596,TG667,2020-05-28T22:53:13Z,296
597,TG662,2020-02-18T21:42:59Z,297
598,TG018,2020-07-12T17:11:10Z,298
599,TG956,2020-09-16T04:57:15Z,299
600,TG751,2020-09-13T16:20:13Z,300
