ticket_number,class,seat_number,price,baggage_allowance,travel_date,booking_number,flight_number,user_id,passenger_id
1,First Class,51L,798,65,2020-12-10T12:45:13Z,250,TG449,A56,266
2,First Class,94G,787,42,2020-04-27T17:53:59Z,55,TG057,B77,222
3,Business Class,93O,123,57,2020-03-10T23:20:51Z,577,TG214,A29,507
4,Economy,97Y,159,46,2020-02-03T02:30:55Z,594,TG011,B75,87
5,Business Class,84E,118,65,2020-03-10T23:20:51Z,377,TG214,B04,127
6,Business Class,97O,104,59,2019-11-03T03:32:09Z,154,TG354,A34,516
7,Business Class,94S,120,41,2019-12-03T07:33:26Z,452,TG907,B04,481
8,Economy,94A,194,66,2020-07-21T11:49:31Z,8,TG596,B12,119
9,First Class,41K,901,59,2019-09-22T22:42:00Z,48,TG504,B95,538
10,Business Class,88N,180,53,2020-06-03T23:46:04Z,433,TG062,B00,141
11,Economy,97Z,137,65,2020-06-01T16:49:37Z,24,TG910,B49,78
12,First Class,67F,952,69,2020-07-25T02:53:04Z,230,TG477,B22,38
13,Business Class,72Y,197,52,2020-09-02T23:32:01Z,237,TG106,B06,361
14,Economy,81O,109,69,2020-07-18T02:11:35Z,345,TG222,A33,134
15,Economy,83Q,105,66,2020-10-13T07:02:03Z,576,TG997,B66,350
16,Economy,69B,149,61,2020-03-29T02:39:44Z,525,TG805,B47,63
17,Business Class,64W,182,67,2019-09-25T01:41:42Z,407,TG501,B73,264
18,Economy,95X,173,51,2019-11-21T18:37:08Z,564,TG863,A76,594
19,Economy,94W,98,61,2019-10-13T15:57:00Z,310,TG673,B04,140
20,Economy,29B,91,61,2020-05-17T16:42:47Z,185,TG875,B58,168
21,Business Class,82T,157,67,2019-09-17T06:55:26Z,384,TG342,B57,377
22,Economy,90A,87,35,2020-05-09T11:44:02Z,243,TG838,A29,449
23,First Class,95B,917,49,2020-05-13T16:27:01Z,580,TG530,A10,582
24,Business Class,91E,146,30,2020-08-10T16:39:07Z,441,TG489,A99,70
25,Business Class,22Y,143,64,2020-06-29T23:16:21Z,365,TG506,A64,572
26,Business Class,62T,151,53,2020-10-13T00:41:57Z,486,TG046,B84,564
27,Business Class,92O,164,68,2020-05-09T11:44:02Z,43,TG838,B15,497
28,Economy,83I,165,17,2020-02-20T04:13:53Z,301,TG940,B45,589
29,Business Class,85F,123,60,2020-04-05T19:43:30Z,22,TG164,A87,447
30,First Class,82N,786,68,2019-12-13T17:16:20Z,265,TG663,A87,596
31,Business Class,70J,135,63,2020-05-28T22:53:13Z,196,TG667,A89,96
32,Business Class,88D,163,56,2020-09-13T16:20:13Z,600,TG751,B96,95
33,Economy,97V,89,61,2020-05-19T22:40:30Z,479,TG747,B32,90
34,Business Class,96C,141,66,2020-02-03T02:30:55Z,594,TG011,B09,212
35,First Class,91A,909,43,2020-09-15T00:34:41Z,122,TG857,A87,44
36,Economy,91E,175,31,2020-07-14T08:08:31Z,350,TG373,A86,480
37,Economy,91Z,191,48,2019-11-20T03:51:48Z,10,TG061,A34,314
38,Business Class,46U,105,63,2019-11-21T23:22:39Z,187,TG220,A91,241
39,Economy,72J,150,60,2019-11-29T20:26:37Z,497,TG017,A12,255
40,First Class,89W,756,57,2019-09-26T12:43:17Z,360,TG628,B94,148
41,Economy,99L,128,67,2020-06-21T05:58:03Z,355,TG066,B97,304
42,First Class,97V,906,69,2020-02-18T21:42:59Z,397,TG662,A60,440
43,Business Class,79D,84,55,2019-09-27T11:58:47Z,490,TG003,A29,360
44,Economy,93J,95,64,2020-02-18T21:42:59Z,597,TG662,B95,313
45,First Class,83W,759,64,2020-11-24T03:24:14Z,329,TG547,B44,320
46,Economy,84M,178,58,2020-01-30T23:26:26Z,57,TG174,B12,67
47,Economy,89B,178,59,2019-12-07T07:27:02Z,487,TG939,A08,121
48,Economy,93R,117,64,2019-11-08T21:26:08Z,5,TG945,B54,122
49,Business Class,91Y,123,61,2020-04-06T10:20:36Z,370,TG880,A34,149
50,Economy,97K,149,55,2020-03-23T07:55:28Z,589,TG453,A08,385
51,First Class,97N,964,59,2020-10-13T07:02:03Z,576,TG997,B20,304
52,First Class,98O,942,56,2020-03-04T20:48:21Z,121,TG781,A45,538
53,First Class,99H,884,50,2020-12-20T05:09:23Z,349,TG194,B11,14
54,Business Class,91A,109,53,2020-02-18T21:42:59Z,197,TG662,A66,431
55,Economy,91D,155,69,2019-12-25T17:50:03Z,418,TG798,A86,464
56,First Class,95H,797,67,2020-06-01T00:37:47Z,23,TG089,A51,567
57,Economy,87F,114,56,2020-01-27T08:40:16Z,104,TG879,B82,590
58,Business Class,95V,109,45,2019-10-18T02:23:25Z,436,TG820,A50,598
59,First Class,70V,719,41,2020-12-25T05:55:39Z,93,TG711,A12,593
60,Business Class,94E,89,52,2020-06-16T20:41:17Z,141,TG350,B19,64
61,Business Class,91B,124,54,2019-10-17T04:18:16Z,62,TG879,A09,178
62,Economy,91E,88,56,2020-03-25T10:03:45Z,130,TG165,A08,221
63,Economy,83S,97,69,2020-05-09T11:44:02Z,43,TG838,A62,351
64,Economy,90V,110,64,2020-10-09T03:02:19Z,26,TG455,A95,428
65,Economy,69M,161,67,2020-12-22T20:56:40Z,124,TG763,B92,212
66,Economy,97X,112,41,2019-09-26T12:43:17Z,560,TG628,A02,353
67,Business Class,51A,158,69,2020-10-14T05:51:39Z,108,TG228,B77,284
68,Economy,92O,182,36,2019-12-08T21:25:00Z,336,TG736,B89,524
69,Economy,92Z,124,63,2020-04-13T16:11:18Z,11,TG331,A97,255
70,Business Class,53R,142,35,2020-12-20T05:09:23Z,549,TG194,A71,554
71,Economy,83E,113,62,2020-01-13T17:15:24Z,96,TG457,B94,514
72,Economy,57P,174,20,2019-12-13T17:16:20Z,465,TG663,B83,537
73,Economy,83C,183,47,2020-06-21T05:58:03Z,355,TG066,A44,105
74,Economy,97M,88,66,2020-08-10T21:50:18Z,314,TG804,B88,582
75,Economy,94B,168,63,2020-07-12T17:11:10Z,598,TG018,A77,214
76,First Class,89A,809,51,2019-09-20T11:31:11Z,381,TG273,A51,145
77,Economy,47L,88,69,2020-03-23T07:55:28Z,589,TG453,A13,131
78,Economy,94P,118,61,2020-04-14T09:32:35Z,420,TG822,A00,46
79,Business Class,95T,170,35,2020-08-15T15:56:04Z,193,TG836,B63,537
80,First Class,86R,812,69,2020-10-09T03:02:19Z,426,TG455,B58,446
81,Business Class,95G,135,53,2020-06-28T14:42:33Z,172,TG607,A39,429
82,Business Class,97V,149,41,2020-04-03T19:07:44Z,429,TG447,A34,533
83,Economy,90K,113,61,2020-06-28T14:42:33Z,572,TG607,B76,175
84,Business Class,88M,161,68,2019-12-13T17:16:20Z,265,TG663,A93,570
85,First Class,66G,765,52,2020-08-04T03:48:46Z,320,TG622,A03,374
86,Economy,98T,164,61,2020-06-28T14:42:33Z,572,TG607,B11,18
87,First Class,97R,873,64,2020-08-03T08:25:38Z,425,TG670,A83,301
88,Economy,87E,130,56,2020-10-17T12:43:33Z,133,TG060,B46,381
89,Business Class,62P,121,23,2020-02-24T20:43:21Z,278,TG418,B28,198
90,Economy,91L,82,64,2020-06-14T06:50:52Z,142,TG158,B35,336
91,First Class,93Q,887,68,2020-07-20T17:11:36Z,566,TG258,B36,425
92,Business Class,97P,117,36,2020-11-21T03:42:04Z,484,TG879,A33,439
93,Business Class,90O,104,66,2020-05-04T13:50:23Z,202,TG377,A86,217
94,Economy,87D,193,60,2020-08-08T08:55:52Z,85,TG682,A34,344
95,Economy,88P,99,68,2019-12-03T07:33:26Z,452,TG907,A76,135
96,Business Class,84D,164,62,2020-11-29T04:08:45Z,61,TG204,B15,255
97,Economy,89P,126,63,2019-09-27T11:58:47Z,290,TG003,A31,164
98,Economy,68P,135,53,2019-11-22T07:50:56Z,417,TG834,B36,138
99,Business Class,98X,112,65,2020-10-28T11:46:36Z,353,TG341,A69,131
100,Economy,87D,88,48,2019-09-23T22:19:52Z,143,TG788,B95,472
101,Economy,79S,199,53,2020-12-05T18:50:13Z,137,TG590,B73,228
102,First Class,40H,975,44,2020-08-27T16:02:14Z,299,TG948,B44,28
103,Business Class,50J,162,62,2020-05-09T15:15:12Z,361,TG810,A32,496
104,First Class,84N,730,53,2019-12-25T17:50:03Z,18,TG798,A21,438
105,Economy,87T,132,64,2020-04-16T05:53:31Z,548,TG583,B21,24
106,Economy,94H,81,65,2020-12-20T05:09:23Z,149,TG194,A00,400
107,Economy,84L,190,47,2019-11-23T01:19:18Z,323,TG340,B19,50
108,Economy,96E,198,64,2020-12-16T11:57:34Z,81,TG122,A55,88
109,Business Class,53R,106,54,2020-08-08T08:55:52Z,485,TG682,A27,464
110,Business Class,89F,83,63,2020-12-20T05:09:23Z,349,TG194,A78,233
111,Business Class,86K,176,65,2020-06-28T14:42:33Z,172,TG607,A85,157
112,Business Class,74G,198,59,2020-02-21T05:32:44Z,507,TG613,B49,393
113,First Class,44R,864,52,2019-11-22T07:50:56Z,217,TG834,A08,136
114,Economy,92M,123,55,2020-03-02T07:11:27Z,363,TG159,A86,196
115,Economy,58Q,104,52,2020-07-30T19:59:57Z,144,TG019,B70,253
116,Economy,90X,184,66,2020-09-02T23:32:01Z,237,TG106,B66,579
117,Economy,92P,139,57,2019-10-21T17:10:53Z,128,TG521,B05,249
118,Business Class,91P,151,65,2019-10-18T02:23:25Z,36,TG820,A50,466
119,Business Class,40D,106,66,2020-12-05T18:50:13Z,537,TG590,B19,399
120,Economy,97V,128,68,2019-10-17T19:54:31Z,6,TG895,A87,32
121,Business Class,98K,168,64,2020-04-13T16:11:18Z,11,TG331,A09,457
122,First Class,98M,817,34,2020-10-08T08:44:43Z,340,TG375,A34,119
123,First Class,85H,1000,50,2020-07-30T19:59:57Z,344,TG019,B42,173
124,Business Class,94O,105,51,2020-04-01T20:42:13Z,45,TG812,A08,306
125,First Class,98J,843,55,2020-08-05T04:31:28Z,472,TG005,B05,18
126,First Class,89L,871,67,2020-06-06T00:38:09Z,586,TG237,B18,73
127,Economy,94K,135,62,2020-09-15T00:34:41Z,522,TG857,A33,214
128,Business Class,92Q,171,42,2020-06-29T23:16:21Z,565,TG506,A13,38
129,Economy,92S,197,38,2020-05-17T16:42:47Z,385,TG875,A73,100
130,Business Class,81S,197,69,2019-12-25T17:50:03Z,18,TG798,B81,474
131,First Class,74P,715,59,2020-03-21T21:53:08Z,51,TG135,B82,407
132,Economy,75S,96,53,2019-10-29T00:43:49Z,517,TG289,B18,510
133,Economy,95Z,126,69,2020-08-16T21:48:26Z,188,TG990,B34,547
134,Economy,95B,122,64,2019-11-03T03:32:09Z,354,TG354,B98,53
135,First Class,94R,948,68,2020-11-28T23:48:41Z,471,TG235,A87,550
136,Economy,64E,198,59,2019-12-13T17:16:20Z,265,TG663,B28,56
137,Economy,95H,88,68,2020-02-24T05:29:07Z,258,TG532,A35,301
138,Business Class,84T,166,22,2020-04-05T19:43:30Z,422,TG164,A86,45
139,Business Class,90T,159,61,2019-11-09T06:21:39Z,356,TG110,A23,270
140,Business Class,77A,91,58,2020-07-12T11:36:09Z,263,TG495,A14,550
141,First Class,70S,804,60,2020-10-28T11:46:36Z,153,TG341,A66,238
142,Economy,88X,164,66,2020-08-16T21:48:26Z,388,TG990,A15,208
143,Economy,52A,162,42,2020-07-14T13:06:40Z,266,TG825,B00,521
144,First Class,96W,843,59,2020-08-08T07:08:51Z,59,TG533,A77,147
145,First Class,90M,742,50,2019-12-31T05:58:12Z,113,TG011,A56,6
146,First Class,94O,822,65,2020-09-23T12:50:02Z,171,TG672,B38,314
147,Economy,99B,89,61,2020-07-14T13:06:40Z,266,TG825,A78,169
148,Business Class,91G,97,65,2020-03-02T07:11:27Z,563,TG159,B76,368
149,First Class,99Y,737,53,2019-10-25T18:59:20Z,152,TG023,B83,151
150,First Class,98J,887,41,2019-11-29T20:26:37Z,297,TG017,B95,576
151,Business Class,78R,127,52,2020-09-04T07:29:40Z,94,TG702,A27,67
152,Economy,89S,95,64,2020-10-28T11:46:36Z,553,TG341,B42,55
153,First Class,96F,721,59,2020-06-06T13:15:14Z,254,TG098,B36,438
154,Economy,87L,177,51,2020-02-23T04:17:53Z,474,TG583,B76,571
155,First Class,81W,786,63,2019-09-25T01:41:42Z,7,TG501,A83,446
156,Business Class,99X,140,60,2020-04-19T22:24:45Z,334,TG235,B94,418
157,Business Class,95Z,184,66,2020-01-13T17:15:24Z,96,TG457,A17,468
158,Economy,85T,180,52,2020-03-25T10:03:45Z,130,TG165,A51,364
159,Business Class,77J,189,42,2020-08-29T17:47:33Z,167,TG094,B61,12
160,Economy,92S,95,50,2019-09-22T22:42:00Z,448,TG504,A10,452
161,First Class,85P,781,50,2019-12-26T23:47:53Z,260,TG885,A09,272
162,Business Class,88R,153,64,2020-06-20T19:00:53Z,19,TG623,A20,414
163,Economy,94W,97,63,2019-11-18T12:26:43Z,44,TG492,B95,451
164,Business Class,65H,119,58,2020-07-18T02:11:35Z,545,TG222,A34,559
165,First Class,86M,846,61,2020-02-21T05:32:44Z,307,TG613,B60,250
166,Economy,90Y,167,60,2019-12-21T07:00:17Z,269,TG749,A10,195
167,Economy,92M,105,63,2020-02-03T02:30:55Z,194,TG011,A25,4
168,First Class,93V,975,60,2020-03-25T10:03:45Z,530,TG165,B25,464
169,Business Class,92K,133,60,2020-06-28T14:26:33Z,500,TG380,B82,557
170,Economy,47O,158,61,2020-06-01T00:37:47Z,223,TG089,B77,570
171,First Class,81M,770,58,2020-02-24T05:29:07Z,58,TG532,B88,461
172,Economy,92X,128,68,2019-11-21T18:37:08Z,364,TG863,B29,209
173,Business Class,80B,188,67,2019-09-23T22:19:52Z,143,TG788,B77,393
174,First Class,82H,957,40,2020-08-18T02:02:32Z,438,TG203,B95,223
175,First Class,73H,809,66,2020-10-15T14:56:45Z,118,TG445,B98,98
176,Business Class,96I,144,55,2020-11-29T04:08:45Z,61,TG204,B00,178
177,First Class,92T,868,51,2020-06-20T19:00:53Z,19,TG623,A44,473
178,Economy,91U,125,39,2019-12-26T10:09:23Z,432,TG164,B67,57
179,Economy,99N,137,57,2020-10-17T12:43:33Z,333,TG060,A93,287
180,Economy,33I,156,53,2020-01-04T00:40:56Z,276,TG344,A01,490
181,First Class,85J,809,63,2020-09-15T00:34:41Z,122,TG857,A53,298
182,Economy,83V,199,35,2020-01-15T09:01:42Z,502,TG952,A98,490
183,Economy,98A,108,52,2019-11-21T23:22:39Z,387,TG220,A47,372
184,Economy,89K,118,47,2020-10-01T11:39:10Z,498,TG837,B76,562
185,Economy,64Y,195,30,2020-03-04T20:48:21Z,121,TG781,A78,479
186,Economy,85O,160,56,2020-04-19T22:24:45Z,334,TG235,A87,301
187,First Class,82M,938,66,2020-01-30T23:26:26Z,457,TG174,A15,84
188,Economy,91A,132,69,2020-03-10T23:20:51Z,577,TG214,B79,521
189,Economy,80K,146,61,2020-11-14T03:43:14Z,583,TG254,A34,359
190,First Class,60A,832,53,2019-11-21T18:37:08Z,364,TG863,B08,414
191,Business Class,84R,187,68,2020-12-11T15:02:55Z,551,TG574,A29,420
192,Economy,86E,165,43,2020-08-29T17:47:33Z,567,TG094,A81,255
193,Business Class,89V,86,67,2020-06-29T23:16:21Z,365,TG506,B92,85
194,Economy,77S,162,32,2019-11-03T03:32:09Z,554,TG354,B29,558
195,Economy,44C,189,69,2020-01-04T16:46:03Z,547,TG891,A05,390
196,First Class,91S,986,56,2020-10-22T04:06:07Z,305,TG479,B88,449
197,Economy,93P,122,69,2020-11-29T04:08:45Z,61,TG204,B42,526
198,First Class,93Y,837,67,2019-11-09T16:34:17Z,157,TG018,A65,435
199,Economy,92H,85,60,2020-10-05T06:06:43Z,373,TG831,A31,211
200,Economy,96O,174,61,2019-09-22T22:42:00Z,48,TG504,A89,231
201,Business Class,55J,105,55,2019-09-27T20:50:20Z,35,TG519,B90,369
202,Economy,81S,128,64,2020-10-03T13:15:30Z,162,TG576,A47,189
203,Economy,96P,113,53,2020-10-28T11:46:36Z,353,TG341,A46,531
204,First Class,96B,807,69,2020-08-10T21:50:18Z,514,TG804,B53,54
205,Business Class,93Z,125,61,2020-10-01T16:53:28Z,221,TG942,A77,257
206,First Class,72Q,928,61,2019-10-29T00:43:49Z,117,TG289,A35,154
207,Economy,71W,142,66,2019-11-21T18:37:08Z,164,TG863,A76,365
208,First Class,77V,902,66,2020-10-13T15:52:58Z,559,TG782,B44,278
209,Economy,81R,172,57,2020-05-02T01:14:46Z,77,TG763,B34,300
210,Business Class,80Z,113,57,2020-06-14T06:50:52Z,542,TG158,A46,103
211,Economy,94V,89,57,2020-09-15T00:34:41Z,522,TG857,B32,221
212,First Class,98M,971,55,2020-05-05T14:36:40Z,453,TG887,A73,435
213,Business Class,94X,96,63,2020-06-17T14:57:27Z,332,TG856,A87,255
214,Economy,95T,85,64,2020-10-28T09:43:26Z,482,TG967,A29,394
215,Economy,93B,114,46,2020-07-12T11:36:09Z,263,TG495,A05,46
216,Business Class,91S,130,60,2020-07-18T02:11:35Z,545,TG222,A69,394
217,Economy,93W,106,61,2020-12-20T05:09:23Z,549,TG194,A24,469
218,Economy,84D,163,47,2020-03-21T21:53:08Z,451,TG135,B29,151
219,Economy,69Z,104,68,2020-11-24T03:24:14Z,129,TG547,A73,355
220,Economy,77H,118,51,2020-12-22T20:56:40Z,524,TG763,A91,220
221,Economy,55C,101,44,2020-12-20T05:09:23Z,149,TG194,B08,569
222,Economy,96A,158,51,2019-09-17T06:55:26Z,384,TG342,B10,383
223,Economy,91I,130,66,2020-05-13T16:27:01Z,580,TG530,B28,170
224,First Class,95J,758,57,2019-10-13T15:57:00Z,310,TG673,B97,517
225,Economy,95Y,156,40,2019-10-17T04:18:16Z,62,TG879,B77,46
226,Economy,96V,147,52,2020-09-04T07:29:40Z,494,TG702,B82,7
227,Business Class,81H,82,52,2020-10-01T16:53:28Z,21,TG942,A10,121
228,First Class,82Q,766,67,2020-11-21T03:42:04Z,284,TG879,B19,302
229,Economy,94G,180,57,2020-08-15T15:56:04Z,593,TG836,B95,51
230,Economy,92L,168,55,2020-11-20T06:53:51Z,9,TG048,B82,73
231,Business Class,44F,176,46,2019-11-29T20:26:37Z,297,TG017,A29,37
232,Economy,98H,123,61,2020-06-17T14:57:27Z,332,TG856,B06,76
233,Economy,70U,129,66,2020-12-20T05:09:23Z,149,TG194,A77,538
234,Business Class,49K,145,67,2019-09-27T20:50:20Z,435,TG519,B82,444
235,Economy,90H,197,37,2020-11-14T03:43:14Z,383,TG254,A34,336
236,Economy,98R,114,60,2020-09-04T17:08:49Z,527,TG376,B76,433
237,Economy,93O,156,58,2020-06-06T13:15:14Z,54,TG098,A80,523
238,Economy,87B,127,62,2020-08-08T04:25:01Z,375,TG764,B70,6
239,First Class,97M,948,51,2020-07-12T11:36:09Z,463,TG495,B24,303
240,First Class,92M,739,49,2020-10-27T21:12:09Z,475,TG905,A76,595
241,Economy,93F,107,66,2019-10-17T19:54:31Z,206,TG895,B35,303
242,Business Class,70G,85,53,2020-04-14T09:32:35Z,220,TG822,A31,227
243,Business Class,94Q,122,45,2020-04-13T16:11:18Z,211,TG331,A27,386
244,Economy,88K,154,28,2019-12-13T17:16:20Z,265,TG663,A34,267
245,Business Class,83P,151,33,2020-10-08T08:44:43Z,140,TG375,B37,390
246,First Class,87X,825,55,2020-05-09T15:15:12Z,161,TG810,B81,398
247,Business Class,91P,97,67,2020-04-19T22:24:45Z,134,TG235,A79,584
248,First Class,93I,925,61,2020-03-23T07:55:28Z,389,TG453,B58,455
249,Economy,65K,188,66,2020-10-09T03:02:19Z,26,TG455,A51,203
250,Business Class,90R,124,34,2020-03-23T07:55:28Z,389,TG453,B11,448
251,First Class,83W,997,60,2020-04-16T05:53:31Z,548,TG583,B24,310
252,Business Class,86J,95,57,2020-07-20T14:41:21Z,579,TG531,B10,516
253,Business Class,84U,86,27,2020-10-13T15:52:58Z,159,TG782,A68,143
254,First Class,88Z,923,61,2020-04-03T20:18:45Z,216,TG420,A95,24
255,Economy,94R,162,61,2020-02-05T12:59:36Z,109,TG270,A17,147
256,Business Class,82X,178,65,2020-05-17T16:42:47Z,585,TG875,B95,486
257,First Class,98S,873,60,2020-10-13T15:52:58Z,359,TG782,B28,334
258,Economy,93E,81,20,2019-11-09T21:41:21Z,68,TG272,A12,458
259,Economy,97D,191,34,2020-04-01T20:42:13Z,245,TG812,A16,428
260,Business Class,73I,130,52,2020-11-14T03:43:14Z,583,TG254,A81,218
261,Economy,98B,97,57,2020-07-14T13:06:40Z,466,TG825,A36,156
262,First Class,88O,990,63,2019-11-21T23:22:39Z,587,TG220,B45,393
263,Economy,91C,161,47,2020-06-17T14:57:27Z,132,TG856,A47,466
264,Economy,86X,187,67,2019-12-26T23:47:53Z,260,TG885,B36,172
265,First Class,61Q,724,64,2020-03-05T11:59:10Z,126,TG756,B47,510
266,Business Class,86J,173,68,2020-03-05T11:59:10Z,326,TG756,A69,526
267,First Class,96D,931,62,2020-07-20T17:11:36Z,166,TG258,B49,465
268,Economy,84V,111,54,2020-02-05T13:35:41Z,27,TG033,A29,549
269,Economy,95X,188,55,2020-10-13T15:52:58Z,159,TG782,A31,310
270,Economy,94Q,126,60,2020-07-18T02:11:35Z,545,TG222,B77,62
271,Economy,98A,102,56,2020-06-21T05:58:03Z,555,TG066,B11,252
272,Economy,93C,158,55,2020-08-08T07:08:51Z,259,TG533,B89,59
273,Economy,82J,195,54,2020-11-30T05:08:44Z,15,TG730,B56,156
274,Business Class,93S,104,62,2020-12-08T03:04:17Z,34,TG928,B22,479
275,Economy,60T,109,52,2020-06-28T14:26:33Z,300,TG380,A20,347
276,First Class,75N,836,68,2020-01-15T09:01:42Z,502,TG952,B95,126
277,Economy,94G,96,61,2020-01-15T09:01:42Z,302,TG952,B05,217
278,Economy,92J,148,42,2020-09-13T16:20:13Z,400,TG751,A34,300
279,Economy,97R,98,23,2020-05-17T23:38:31Z,531,TG152,B15,3
280,First Class,95E,858,68,2019-11-09T21:41:21Z,268,TG272,B11,129
281,Economy,93J,168,64,2020-04-06T23:19:35Z,92,TG473,B72,366
282,Economy,89M,143,55,2020-11-24T03:24:14Z,129,TG547,B75,482
283,Economy,59G,126,50,2020-07-21T00:51:38Z,539,TG275,A77,424
284,Economy,94Z,150,65,2020-03-04T20:48:21Z,521,TG781,A75,72
285,Business Class,77E,121,65,2020-10-20T13:08:16Z,46,TG982,B08,588
286,Business Class,77C,115,56,2020-08-31T13:38:32Z,512,TG292,B28,257
287,Economy,85D,177,60,2020-07-21T00:51:38Z,339,TG275,B35,218
288,Economy,88P,155,61,2020-09-04T17:08:49Z,327,TG376,A38,584
289,Economy,73F,128,64,2019-12-03T07:33:26Z,52,TG907,B01,224
290,Economy,72Z,167,63,2020-01-04T16:46:03Z,547,TG891,A83,317
291,Economy,98S,85,50,2020-12-17T23:57:28Z,378,TG368,A15,140
292,Economy,94V,172,60,2020-03-29T02:39:44Z,125,TG805,B92,160
293,First Class,78L,903,35,2019-10-20T13:41:52Z,273,TG505,B60,448
294,Business Class,70W,106,25,2019-09-20T11:31:11Z,181,TG273,A00,387
295,Economy,85F,120,54,2020-12-08T12:18:43Z,138,TG865,B94,156
296,Economy,78V,140,68,2020-10-17T12:43:33Z,533,TG060,A47,30
297,First Class,79Y,931,59,2019-10-21T17:10:53Z,328,TG521,A09,580
298,Business Class,82C,99,36,2020-08-05T04:31:28Z,472,TG005,A13,566
299,Business Class,80H,141,61,2019-09-23T22:19:52Z,543,TG788,A13,45
300,Economy,95G,198,65,2020-06-05T01:38:27Z,456,TG596,A38,128
301,Economy,81E,132,56,2020-10-01T11:39:10Z,298,TG837,A25,317
302,Economy,82L,184,62,2019-11-09T21:41:21Z,468,TG272,B77,229
303,Economy,79D,119,60,2020-07-21T00:51:38Z,339,TG275,B20,455
304,First Class,51I,768,69,2019-12-25T17:50:03Z,418,TG798,A45,489
305,First Class,80B,918,65,2020-05-20T09:44:18Z,80,TG409,B19,239
306,Economy,84S,96,66,2020-07-12T11:36:09Z,463,TG495,A59,88
307,First Class,83D,942,66,2020-04-18T06:01:16Z,403,TG644,B22,106
308,Business Class,94Q,173,31,2020-06-29T23:16:21Z,365,TG506,B66,116
309,Business Class,75D,109,65,2020-04-14T09:32:35Z,420,TG822,A53,412
310,First Class,96H,898,41,2019-11-09T16:34:17Z,357,TG018,B06,498
311,Economy,87H,176,66,2019-09-27T02:20:05Z,116,TG516,A54,418
312,Economy,80O,139,44,2019-09-20T11:31:11Z,581,TG273,A20,363
313,Economy,97H,182,54,2020-05-09T15:15:12Z,361,TG810,A56,480
314,First Class,90D,992,56,2020-03-10T23:20:51Z,377,TG214,A34,77
315,Business Class,95X,169,55,2020-04-16T05:53:31Z,148,TG583,A30,77
316,Economy,49V,194,50,2019-11-21T18:37:08Z,364,TG863,A85,548
317,Business Class,97T,180,61,2020-03-21T21:53:08Z,451,TG135,A85,162
318,First Class,92W,852,56,2020-08-27T16:02:14Z,299,TG948,B45,256
319,First Class,99R,714,68,2020-11-28T23:48:41Z,71,TG235,B36,249
320,Business Class,91Y,133,67,2019-09-27T11:58:47Z,90,TG003,A41,94
321,Economy,84K,132,51,2020-08-03T08:25:38Z,225,TG670,B06,368
322,Economy,87D,177,34,2020-05-09T15:15:12Z,361,TG810,A68,18
323,First Class,91Y,823,63,2019-11-20T03:51:48Z,210,TG061,A49,258
324,Economy,90X,106,68,2019-12-25T17:50:03Z,418,TG798,B42,416
325,First Class,50W,761,64,2020-10-13T07:02:03Z,176,TG997,A91,474
326,Business Class,77F,154,30,2019-10-08T03:28:41Z,47,TG212,A01,291
327,Economy,92L,140,64,2020-06-28T14:42:33Z,172,TG607,B82,597
328,First Class,80R,929,64,2019-09-27T20:50:20Z,435,TG519,A32,263
329,Economy,89A,176,43,2020-05-19T19:09:19Z,404,TG085,B63,59
330,Business Class,80N,104,50,2020-04-05T19:43:30Z,22,TG164,A16,417
331,Economy,90P,114,65,2020-06-05T04:33:06Z,374,TG492,B57,487
332,Business Class,82S,80,50,2020-08-08T08:55:52Z,285,TG682,A45,48
333,Business Class,44P,122,46,2020-04-03T19:07:44Z,29,TG447,B10,278
334,Business Class,99V,125,50,2019-09-26T12:43:17Z,160,TG628,A10,147
335,Economy,95V,117,60,2019-09-17T06:55:26Z,584,TG342,A69,582
336,Business Class,95X,123,42,2020-02-24T20:43:21Z,478,TG418,B77,377
337,Economy,94B,199,65,2020-06-06T13:15:14Z,54,TG098,A45,56
338,Business Class,72R,94,65,2019-10-18T02:23:25Z,436,TG820,A45,485
339,Economy,75M,90,67,2020-10-17T12:43:33Z,333,TG060,A29,210
340,Economy,84D,102,61,2020-05-09T11:44:02Z,243,TG838,A73,387
341,Economy,97Q,182,57,2020-01-13T17:15:24Z,96,TG457,B87,559
342,First Class,96O,793,61,2020-05-20T09:44:18Z,280,TG409,B28,468
343,Economy,65S,174,62,2020-11-21T03:42:04Z,284,TG879,B14,287
344,First Class,92V,798,67,2020-06-19T07:02:23Z,488,TG972,B47,198
345,Business Class,84V,149,61,2020-07-14T13:06:40Z,466,TG825,B95,492
346,Economy,82J,175,56,2020-12-05T02:16:28Z,135,TG069,A64,445
347,Economy,99P,147,64,2020-05-17T23:38:31Z,331,TG152,A93,263
348,Economy,98B,194,61,2020-08-03T08:25:38Z,425,TG670,A92,24
349,Economy,93L,140,54,2020-08-05T04:31:28Z,472,TG005,A73,282
350,Economy,87J,180,52,2019-11-09T16:34:17Z,357,TG018,B11,65
351,First Class,82O,773,60,2020-12-05T23:14:34Z,315,TG722,B90,218
352,First Class,94L,919,62,2020-02-21T05:32:44Z,507,TG613,A21,495
353,Economy,91L,93,40,2020-12-19T17:33:47Z,391,TG104,B90,151
354,Economy,94U,153,50,2020-10-22T04:06:07Z,105,TG479,A21,508
355,First Class,26I,948,55,2020-12-05T02:16:28Z,135,TG069,B03,25
356,Business Class,84S,185,57,2020-10-28T11:46:36Z,353,TG341,B01,140
357,Economy,91L,144,62,2019-12-26T23:47:53Z,60,TG885,B42,546
358,Business Class,95T,92,61,2020-05-09T11:44:02Z,43,TG838,A15,83
359,Economy,89M,111,64,2020-03-02T07:11:27Z,163,TG159,B25,505
360,Economy,91D,126,35,2020-09-05T08:59:45Z,14,TG175,A93,100
361,First Class,98Q,954,69,2020-03-02T07:11:27Z,163,TG159,B37,330
362,Economy,41R,96,64,2020-07-30T19:59:57Z,544,TG019,A33,295
363,Economy,88A,86,68,2020-10-05T06:06:43Z,373,TG831,B47,543
364,Economy,88I,98,59,2020-12-17T23:57:28Z,578,TG368,A17,509
365,First Class,65O,952,64,2020-10-17T12:43:33Z,133,TG060,B21,202
366,Business Class,93K,129,24,2020-08-04T20:41:15Z,439,TG050,B29,122
367,Business Class,66O,166,48,2020-08-29T17:47:33Z,567,TG094,B41,301
368,Economy,90S,192,44,2020-05-22T06:08:41Z,182,TG059,B88,233
369,First Class,83N,983,63,2020-05-28T22:53:13Z,596,TG667,A83,198
370,Economy,76Y,94,60,2020-10-13T00:41:57Z,486,TG046,B13,531
371,Business Class,88L,154,66,2020-11-24T03:24:14Z,329,TG547,A50,390
372,Economy,85D,85,52,2019-12-08T21:25:00Z,536,TG736,B95,499
373,Economy,94M,134,45,2020-02-24T05:29:07Z,58,TG532,B76,548
374,Economy,79B,82,67,2020-09-15T00:34:41Z,522,TG857,A99,102
375,First Class,78X,932,67,2020-10-13T00:41:57Z,486,TG046,B95,294
376,First Class,95P,831,62,2020-02-07T09:39:05Z,212,TG958,B95,358
377,Economy,76H,183,55,2020-08-04T03:48:46Z,320,TG622,B61,97
378,Business Class,82M,131,61,2020-03-21T21:53:08Z,251,TG135,B11,132
379,Business Class,90V,135,51,2020-08-10T21:50:18Z,514,TG804,A89,584
380,Business Class,89Z,129,65,2019-10-17T04:18:16Z,462,TG879,A50,449
381,Economy,98I,118,65,2020-12-11T15:02:55Z,151,TG574,A50,206
382,Economy,82W,139,64,2020-06-14T06:50:52Z,342,TG158,A75,556
383,Business Class,43G,156,64,2020-05-28T22:53:13Z,196,TG667,B03,343
384,Business Class,91F,114,29,2019-11-20T03:51:48Z,10,TG061,B97,313
385,Economy,50E,104,40,2020-06-03T23:46:04Z,233,TG062,A77,211
386,Economy,91X,131,31,2020-11-24T03:24:14Z,129,TG547,A74,478
387,Economy,98F,186,69,2020-04-03T20:18:45Z,416,TG420,A19,382
388,Business Class,76P,118,68,2020-09-03T00:11:31Z,95,TG472,B42,460
389,Economy,95P,127,69,2019-12-07T07:27:02Z,87,TG939,B88,137
390,First Class,90H,984,60,2020-05-23T13:26:44Z,511,TG915,B71,361
391,Business Class,81R,139,44,2020-11-20T06:53:51Z,9,TG048,A86,294
392,Economy,97P,124,60,2020-04-18T06:01:16Z,3,TG644,B94,411
393,Economy,94T,128,60,2020-02-18T21:42:59Z,597,TG662,B49,292
394,Economy,86O,110,59,2019-10-25T18:59:20Z,352,TG023,B11,193
395,First Class,65M,836,69,2020-02-23T04:17:53Z,274,TG583,B83,401
396,Economy,94Q,100,61,2019-09-27T20:50:20Z,235,TG519,A10,264
397,First Class,95F,936,68,2020-10-20T13:08:16Z,246,TG982,B60,591
398,Business Class,25F,127,54,2020-08-05T04:31:28Z,472,TG005,A38,85
399,Business Class,74S,148,66,2020-07-21T11:49:31Z,408,TG596,A86,561
400,Economy,97P,127,64,2020-03-06T06:30:11Z,306,TG358,B60,407
401,Business Class,96X,108,62,2020-05-17T16:42:47Z,385,TG875,B95,74
402,Business Class,99R,143,59,2020-09-05T08:59:45Z,14,TG175,B94,255
403,First Class,87L,908,50,2019-09-26T12:43:17Z,360,TG628,B18,425
404,Business Class,88S,117,61,2020-06-28T14:26:33Z,100,TG380,A21,313
405,Business Class,78S,170,48,2020-06-28T14:42:33Z,572,TG607,A97,284
406,Economy,91Q,95,55,2020-04-05T19:43:30Z,422,TG164,B19,461
407,First Class,64W,797,61,2020-08-10T21:50:18Z,114,TG804,A59,583
408,Economy,99D,191,40,2020-02-05T12:59:36Z,309,TG270,B84,208
409,Business Class,81T,84,55,2020-03-29T02:39:44Z,525,TG805,A53,87
410,Economy,79H,154,52,2020-05-05T14:36:40Z,53,TG887,A51,297
411,Economy,96K,175,60,2020-06-20T19:00:53Z,419,TG623,A34,376
412,Business Class,65M,168,68,2020-05-09T11:44:02Z,243,TG838,B92,148
413,First Class,91O,791,46,2020-03-10T23:20:51Z,577,TG214,B00,477
414,First Class,81N,917,52,2020-09-04T17:08:49Z,127,TG376,B92,235
415,Business Class,80K,183,48,2020-06-17T14:57:27Z,532,TG856,B60,584
416,Economy,83V,195,69,2020-08-08T04:25:01Z,375,TG764,B00,271
417,Business Class,87I,156,45,2020-04-18T06:01:16Z,203,TG644,B93,407
418,Economy,96U,189,52,2020-08-24T09:10:50Z,595,TG895,A32,486
419,Economy,86E,159,40,2020-06-19T07:02:23Z,488,TG972,A52,63
420,Economy,68Z,113,38,2019-11-29T20:26:37Z,497,TG017,A29,78
421,Economy,93Z,163,69,2019-12-21T07:00:17Z,69,TG749,B76,278
422,First Class,75K,822,65,2019-09-20T11:31:11Z,181,TG273,B42,130
423,Economy,93A,126,56,2020-04-19T22:24:45Z,134,TG235,B82,382
424,First Class,87I,744,61,2020-01-13T17:15:24Z,496,TG457,A31,181
425,Economy,92K,119,66,2020-10-01T11:39:10Z,298,TG837,A00,262
426,First Class,93X,864,63,2020-10-27T21:12:09Z,475,TG905,B04,456
427,Business Class,90D,197,46,2020-07-30T19:59:57Z,344,TG019,B06,162
428,Economy,64H,95,64,2020-05-17T16:42:47Z,585,TG875,B38,277
429,Business Class,95W,134,52,2020-10-01T16:53:28Z,21,TG942,A86,176
430,Economy,93F,132,44,2020-08-16T21:48:26Z,188,TG990,B76,378
431,Economy,91L,156,65,2019-09-27T11:58:47Z,90,TG003,A15,285
432,Business Class,93N,100,65,2020-04-06T10:20:36Z,570,TG880,A89,251
433,Economy,82U,130,69,2020-08-08T07:08:51Z,259,TG533,A95,567
434,First Class,79Q,773,54,2020-05-13T16:27:01Z,580,TG530,B13,496
435,Business Class,81S,195,52,2020-05-19T22:40:30Z,479,TG747,B11,208
436,First Class,94B,798,67,2020-12-05T18:50:13Z,337,TG590,A00,234
437,First Class,84A,974,49,2019-09-27T11:58:47Z,90,TG003,B84,259
438,Economy,36B,167,53,2020-05-09T11:44:02Z,43,TG838,B42,362
439,First Class,98U,824,66,2019-11-18T12:26:43Z,244,TG492,A49,403
440,Economy,92N,118,45,2020-06-14T06:50:52Z,342,TG158,B97,243
441,Economy,81W,146,60,2020-02-03T02:30:55Z,594,TG011,A44,242
442,Economy,99Y,145,60,2020-06-19T07:02:23Z,488,TG972,A20,60
443,Business Class,88O,159,65,2019-09-20T11:31:11Z,581,TG273,A97,243
444,Economy,79N,108,68,2020-07-14T13:06:40Z,466,TG825,B06,273
445,Economy,91F,185,64,2020-08-03T08:25:38Z,25,TG670,A32,279
446,Business Class,83M,168,68,2020-04-18T06:01:16Z,403,TG644,A00,132
447,Economy,95F,193,66,2019-09-20T11:31:11Z,381,TG273,B89,417
448,Business Class,50L,154,67,2020-08-31T13:38:32Z,512,TG292,B89,396
449,First Class,40R,968,48,2019-10-17T14:21:05Z,242,TG385,A50,290
450,First Class,94G,740,64,2020-02-05T12:59:36Z,309,TG270,A51,345
451,First Class,99D,730,63,2020-06-05T04:33:06Z,174,TG492,B02,352
452,First Class,98I,810,44,2020-10-09T03:02:19Z,426,TG455,B14,476
453,First Class,87D,744,56,2020-10-09T03:02:19Z,426,TG455,B71,9
454,Economy,78F,122,62,2020-10-28T11:46:36Z,553,TG341,A89,327
455,First Class,76B,880,37,2020-01-27T08:40:16Z,504,TG879,B95,277
456,Economy,84G,124,44,2020-08-08T04:25:01Z,175,TG764,A10,410
457,Economy,86X,108,65,2020-05-13T16:27:01Z,180,TG530,A56,320
458,Economy,90F,113,62,2020-09-13T16:20:13Z,200,TG751,B42,240
459,Economy,93P,148,51,2020-02-05T12:59:36Z,309,TG270,B93,479
460,Business Class,69L,131,56,2020-07-25T02:53:04Z,430,TG477,A59,584
461,Business Class,94T,190,60,2020-04-14T07:05:50Z,270,TG380,B54,10
462,Economy,73R,166,62,2020-03-04T20:48:21Z,121,TG781,B83,319
463,Economy,55L,114,36,2020-07-12T11:36:09Z,263,TG495,A66,481
464,Business Class,64G,181,64,2020-03-30T11:52:40Z,31,TG604,A10,98
465,Business Class,83P,162,58,2019-09-23T22:19:52Z,543,TG788,B84,173
466,First Class,93Y,893,33,2019-12-31T05:58:12Z,313,TG011,B71,30
467,Business Class,98E,150,44,2020-12-20T05:09:23Z,349,TG194,B34,539
468,First Class,98C,928,31,2020-11-14T03:43:14Z,583,TG254,A33,541
469,Economy,74M,83,22,2019-11-21T18:37:08Z,164,TG863,B97,207
470,Business Class,97T,129,63,2020-03-05T07:00:42Z,267,TG687,B28,10
471,First Class,84K,769,61,2020-07-13T05:58:13Z,464,TG938,A75,438
472,Economy,94X,137,64,2019-10-17T14:21:05Z,442,TG385,A75,106
473,Economy,98N,181,30,2020-08-08T08:55:52Z,485,TG682,A65,162
474,First Class,90A,945,40,2020-10-28T09:43:26Z,482,TG967,B19,295
475,Business Class,96H,155,64,2020-03-02T07:11:27Z,163,TG159,A08,233
476,Economy,92I,114,56,2019-11-08T21:26:08Z,405,TG945,A32,342
477,Business Class,93J,175,54,2019-09-27T02:20:05Z,116,TG516,A18,114
478,Economy,51M,196,59,2020-09-19T18:28:03Z,519,TG803,B45,446
479,First Class,98A,712,28,2020-05-04T13:50:23Z,202,TG377,A93,415
480,Business Class,78T,171,69,2019-10-25T18:59:20Z,352,TG023,B20,338
481,First Class,98L,909,12,2020-05-19T22:40:30Z,279,TG747,A41,319
482,Economy,70W,160,65,2020-04-01T20:42:13Z,445,TG812,B89,536
483,Business Class,84E,162,52,2019-10-25T18:59:20Z,552,TG023,B30,75
484,Business Class,21A,172,66,2020-07-30T19:59:57Z,544,TG019,B79,551
485,Business Class,92D,94,68,2020-08-04T03:48:46Z,120,TG622,A93,294
486,Economy,82P,149,63,2020-09-05T08:59:45Z,214,TG175,B04,465
487,Economy,42M,122,54,2020-06-05T01:38:27Z,456,TG596,B34,108
488,Business Class,42O,111,63,2020-02-05T13:35:41Z,427,TG033,A41,407
489,Business Class,79H,113,41,2019-11-20T03:51:48Z,210,TG061,B00,475
490,Economy,97I,130,52,2020-07-12T11:36:09Z,463,TG495,A68,429
491,Economy,97Z,170,68,2019-11-03T03:32:09Z,554,TG354,A38,84
492,Economy,67K,160,55,2020-12-10T12:45:13Z,50,TG449,A55,321
493,Economy,95Z,163,67,2019-11-23T01:19:18Z,323,TG340,B34,392
494,Economy,90X,177,68,2019-10-17T04:18:16Z,462,TG879,A06,346
495,Economy,91T,172,29,2020-11-24T03:24:14Z,129,TG547,A78,367
496,Business Class,99O,163,21,2020-10-22T04:06:07Z,105,TG479,B94,326
497,First Class,85N,886,65,2020-09-04T07:29:40Z,494,TG702,A16,334
498,Business Class,95R,84,52,2020-02-24T20:43:21Z,78,TG418,B01,219
499,First Class,72R,736,65,2020-04-13T16:11:18Z,211,TG331,A25,227
500,Economy,80D,122,69,2020-04-06T10:20:36Z,570,TG880,B42,427
501,Economy,45A,183,53,2020-04-06T23:19:35Z,292,TG473,A85,461
502,First Class,91S,922,45,2020-10-13T00:41:57Z,86,TG046,A34,209
503,First Class,87T,955,67,2020-11-24T03:24:14Z,129,TG547,A92,169
504,First Class,94H,744,64,2020-08-08T07:08:51Z,459,TG533,A15,590
505,First Class,83Z,769,61,2020-10-14T05:51:39Z,308,TG228,B30,68
506,Economy,99N,185,52,2020-05-19T22:40:30Z,279,TG747,B06,590
507,Business Class,98T,124,57,2019-12-03T07:33:26Z,252,TG907,B89,368
508,Business Class,32Z,196,39,2019-10-25T18:59:20Z,152,TG023,B42,223
509,First Class,91E,876,68,2019-09-27T11:58:47Z,490,TG003,A85,312
510,Business Class,92J,162,66,2020-05-05T14:36:40Z,453,TG887,A16,273
511,Business Class,84P,172,62,2020-10-27T21:12:09Z,275,TG905,A16,312
512,Economy,64E,114,60,2020-12-17T23:57:28Z,178,TG368,A23,61
513,Economy,92I,137,39,2019-09-20T11:31:11Z,581,TG273,A19,200
514,Business Class,92X,116,36,2020-01-04T16:46:03Z,547,TG891,B76,310
515,Economy,98B,89,66,2019-12-26T23:47:53Z,460,TG885,A09,399
516,Economy,67T,145,49,2020-03-30T11:52:40Z,231,TG604,A85,158
517,Economy,94Y,85,66,2020-07-25T02:53:04Z,30,TG477,A17,266
518,Business Class,99N,178,61,2020-04-13T16:11:18Z,211,TG331,B60,380
519,Economy,99A,148,64,2020-08-04T20:41:15Z,39,TG050,B59,334
520,First Class,97F,871,34,2019-11-22T07:50:56Z,417,TG834,B52,253
521,First Class,95Z,747,37,2020-08-08T07:08:51Z,259,TG533,B47,94
522,Economy,97D,142,65,2020-07-14T13:06:40Z,266,TG825,B46,210
523,Economy,91T,167,68,2020-11-20T06:53:51Z,409,TG048,A74,68
524,Economy,91Y,161,65,2020-12-22T20:56:40Z,324,TG763,A17,417
525,Economy,99R,96,63,2019-12-07T07:27:02Z,287,TG939,B45,6
526,Economy,64T,127,68,2020-08-05T04:31:28Z,472,TG005,B37,308
527,Economy,99K,105,66,2020-06-01T00:37:47Z,223,TG089,B88,149
528,First Class,82J,851,68,2020-04-06T23:19:35Z,92,TG473,A75,354
529,Economy,96J,80,51,2020-05-05T14:36:40Z,453,TG887,B00,506
530,Business Class,91N,167,57,2019-09-27T20:50:20Z,435,TG519,B00,359
531,First Class,89D,784,66,2019-09-26T12:43:17Z,360,TG628,A92,424
532,Business Class,77S,137,34,2020-04-14T09:32:35Z,420,TG822,A21,94
533,Economy,81A,88,65,2019-12-25T17:50:03Z,418,TG798,B72,229
534,Business Class,61W,163,65,2019-11-09T21:41:21Z,268,TG272,B00,545
535,First Class,94B,905,62,2020-03-05T11:59:10Z,526,TG756,B19,566
536,Economy,70X,130,58,2019-10-08T03:28:41Z,47,TG212,A35,349
537,Economy,95R,174,67,2020-08-21T22:02:55Z,503,TG071,A30,453
538,First Class,52Q,779,59,2020-11-24T03:24:14Z,529,TG547,A08,43
539,Economy,94K,129,54,2020-08-24T21:14:10Z,91,TG485,B59,364
540,First Class,96E,883,59,2020-05-28T22:53:13Z,396,TG667,A52,293
541,Business Class,96B,126,52,2019-12-31T05:58:12Z,113,TG011,A53,505
542,First Class,99D,875,57,2019-12-07T07:27:02Z,487,TG939,B95,548
543,First Class,96V,828,60,2019-11-22T07:50:56Z,17,TG834,B67,349
544,Business Class,96Q,143,37,2019-11-21T23:22:39Z,387,TG220,A69,480
545,First Class,90F,895,57,2020-02-20T04:13:53Z,301,TG940,A56,569
546,Economy,72D,137,69,2020-09-23T12:50:02Z,171,TG672,B77,151
547,Economy,92D,150,68,2020-06-05T01:38:27Z,256,TG596,A29,104
548,Economy,70F,150,46,2019-12-26T10:09:23Z,32,TG164,A51,497
549,Business Class,96Y,115,66,2020-09-05T08:59:45Z,214,TG175,A73,394
550,Economy,82A,164,64,2020-06-06T00:38:09Z,386,TG237,A68,386
551,Economy,97I,102,33,2020-10-27T21:12:09Z,275,TG905,B98,528
552,Economy,64A,120,65,2020-05-02T01:14:46Z,477,TG763,A10,81
553,First Class,98M,861,60,2020-07-18T02:11:35Z,345,TG222,A56,75
554,Economy,98Q,175,67,2020-04-16T05:53:31Z,348,TG583,B71,351
555,Economy,94B,92,69,2019-11-21T18:37:08Z,564,TG863,B93,80
556,First Class,88P,978,48,2020-12-17T23:57:28Z,578,TG368,A84,176
557,Economy,90I,183,60,2019-10-21T17:10:53Z,328,TG521,A36,412
558,Business Class,84R,83,60,2020-05-22T06:08:41Z,382,TG059,B26,89
559,Economy,84M,172,69,2019-12-31T05:58:12Z,113,TG011,A62,148
560,Business Class,36S,132,61,2020-06-19T07:02:23Z,88,TG972,A44,527
561,Economy,81I,107,50,2020-07-20T17:11:36Z,366,TG258,A71,555
562,Economy,84N,129,48,2019-11-22T07:50:56Z,417,TG834,A41,593
563,Economy,96K,187,61,2020-06-16T15:29:17Z,546,TG226,B19,566
564,First Class,84P,990,60,2020-06-29T23:16:21Z,365,TG506,A30,479
565,Business Class,61M,198,50,2020-01-04T00:40:56Z,476,TG344,A14,486
566,First Class,67U,895,62,2020-06-06T13:15:14Z,454,TG098,B13,476
567,Economy,98I,90,29,2020-03-20T03:20:41Z,568,TG840,B92,397
568,Economy,72L,146,52,2020-10-22T04:06:07Z,505,TG479,B82,79
569,Economy,85C,151,43,2019-12-26T23:47:53Z,260,TG885,A25,19
570,Economy,94R,159,20,2020-04-23T20:30:04Z,440,TG358,A15,298
571,First Class,65W,880,58,2020-05-20T09:44:18Z,80,TG409,A44,418
572,First Class,94A,982,68,2019-09-25T01:41:42Z,7,TG501,A93,543
573,Economy,87Z,173,52,2020-06-06T13:15:14Z,454,TG098,A09,96
574,Economy,85H,131,50,2019-11-18T12:26:43Z,444,TG492,B15,349
575,Economy,92H,161,42,2020-12-25T05:55:39Z,93,TG711,B95,567
576,Economy,97S,96,50,2020-06-14T06:50:52Z,342,TG158,A34,479
577,First Class,76J,960,42,2020-05-17T16:42:47Z,385,TG875,A46,330
578,Economy,92W,117,42,2020-06-21T05:58:03Z,355,TG066,B46,156
579,First Class,94Z,924,45,2020-04-14T07:05:50Z,270,TG380,B73,173
580,Economy,61C,147,46,2020-12-25T05:55:39Z,293,TG711,B34,241
581,Economy,71O,102,31,2019-09-27T02:20:05Z,316,TG516,B98,70
582,First Class,94I,781,68,2020-07-13T05:58:13Z,64,TG938,B14,369
583,First Class,78P,758,63,2020-12-11T15:02:55Z,551,TG574,B57,107
584,Economy,93X,122,44,2019-12-21T07:00:17Z,69,TG749,B90,541
585,Economy,73T,181,36,2019-12-31T05:58:12Z,113,TG011,A62,119
586,Economy,88Y,172,60,2020-07-14T13:06:40Z,66,TG825,A31,201
587,Economy,93I,110,62,2020-12-22T20:56:40Z,524,TG763,A51,43
588,Business Class,62C,95,64,2020-05-22T06:08:41Z,182,TG059,A97,440
589,Economy,94Q,146,66,2019-12-03T07:33:26Z,452,TG907,B75,140
590,Economy,89F,158,56,2020-04-19T22:24:45Z,334,TG235,A25,6
591,Economy,94P,80,68,2020-08-08T07:08:51Z,459,TG533,B79,506
592,First Class,94G,976,40,2020-02-24T05:29:07Z,258,TG532,B44,121
593,First Class,99Q,936,51,2019-12-08T21:25:00Z,136,TG736,A81,302
594,Economy,92X,123,67,2020-03-05T07:00:42Z,67,TG687,A86,218
595,Business Class,92Q,146,55,2020-09-03T00:11:31Z,295,TG472,B72,179
596,First Class,86J,962,42,2019-11-20T03:51:48Z,210,TG061,A65,235
597,First Class,85A,910,42,2020-02-05T12:59:36Z,509,TG270,B72,409
598,Business Class,97N,189,63,2019-12-21T07:00:17Z,69,TG749,A34,80
599,Business Class,55E,166,53,2020-06-01T00:37:47Z,223,TG089,A29,379
600,First Class,82M,944,67,2020-10-03T13:15:30Z,562,TG576,A76,395
601,Economy,95L,152,63,2020-07-18T02:11:35Z,545,TG222,A62,329
602,First Class,71S,713,69,2020-07-20T17:11:36Z,166,TG258,B44,460
603,Economy,83Q,138,58,2019-09-23T22:19:52Z,143,TG788,B82,552
604,Economy,81V,112,53,2019-11-22T07:50:56Z,17,TG834,B52,78
605,Economy,63T,142,24,2020-04-03T19:07:44Z,229,TG447,B71,492
606,First Class,93X,787,60,2020-03-23T07:55:28Z,589,TG453,A51,592
607,Economy,90F,107,62,2019-10-17T04:18:16Z,262,TG879,B28,449
608,Business Class,98H,189,55,2019-10-29T00:43:49Z,317,TG289,B37,227
609,Economy,97X,92,28,2020-06-05T04:33:06Z,374,TG492,B77,416
610,Business Class,94W,164,30,2019-09-17T06:55:26Z,384,TG342,B87,512
611,Business Class,90V,93,63,2020-08-24T09:10:50Z,195,TG895,A77,108
612,Economy,51T,99,66,2019-11-09T06:21:39Z,156,TG110,A80,122
613,First Class,76E,870,55,2019-11-09T06:21:39Z,156,TG110,B88,29
614,Business Class,80O,108,58,2020-06-05T04:33:06Z,174,TG492,B47,216
615,Business Class,96C,95,64,2019-10-31T12:47:55Z,13,TG735,A33,506
616,Economy,81U,194,56,2020-10-13T15:52:58Z,559,TG782,B54,36
617,Economy,89T,115,48,2020-06-05T01:38:27Z,256,TG596,A64,485
618,First Class,96K,811,57,2020-07-14T13:06:40Z,66,TG825,B05,370
619,Economy,76N,145,62,2020-03-25T10:03:45Z,530,TG165,B61,185
620,First Class,91W,773,68,2019-09-27T02:20:05Z,516,TG516,A93,528
621,Economy,83U,199,62,2020-08-01T12:58:05Z,369,TG621,A20,468
622,Business Class,78O,150,63,2019-12-26T23:47:53Z,260,TG885,A78,526
623,First Class,90C,885,41,2019-10-02T06:21:25Z,49,TG689,A44,351
624,First Class,90W,1000,69,2020-02-24T05:29:07Z,458,TG532,A92,85
625,Economy,92X,80,58,2020-10-28T09:43:26Z,482,TG967,A44,235
626,Economy,91T,108,61,2019-09-27T02:20:05Z,316,TG516,A10,199
627,Business Class,92P,168,68,2020-10-13T15:56:42Z,83,TG888,A00,371
628,Business Class,71S,165,53,2019-11-09T16:34:17Z,557,TG018,B59,548
629,Economy,99E,157,67,2020-02-21T05:32:44Z,507,TG613,B61,98
630,Economy,99U,92,67,2020-08-18T02:02:32Z,438,TG203,B09,522
631,Economy,89G,166,65,2019-11-23T01:19:18Z,123,TG340,A93,448
632,Economy,70O,187,60,2020-02-24T05:29:07Z,458,TG532,B90,301
633,Economy,42D,106,51,2020-12-25T05:55:39Z,293,TG711,B45,484
634,Business Class,91E,123,47,2020-10-27T21:12:09Z,275,TG905,A05,172
635,First Class,95L,753,69,2020-08-08T07:08:51Z,59,TG533,A98,576
636,Economy,98D,107,30,2020-05-22T06:08:41Z,382,TG059,B60,412
637,Economy,74V,171,63,2020-10-14T05:51:39Z,108,TG228,A64,317
638,Economy,77G,177,63,2020-08-01T12:58:05Z,569,TG621,A34,496
639,First Class,72A,817,57,2020-06-21T05:58:03Z,355,TG066,A47,466
640,Economy,96H,160,65,2020-03-23T07:55:28Z,389,TG453,B61,85
641,Economy,80Z,178,64,2020-02-21T05:32:44Z,307,TG613,B25,39
642,First Class,66B,725,40,2020-07-13T05:58:13Z,64,TG938,A27,353
643,Business Class,70B,114,68,2019-09-27T20:50:20Z,235,TG519,B22,548
644,Economy,85M,188,39,2020-03-20T03:20:41Z,368,TG840,B18,61
645,Economy,95T,97,62,2020-06-01T00:37:47Z,223,TG089,B19,549
646,Business Class,97M,164,44,2020-01-15T09:01:42Z,102,TG952,A06,56
647,First Class,92Q,850,57,2019-12-21T07:00:17Z,269,TG749,B20,276
648,Economy,59S,173,48,2020-06-20T19:00:53Z,19,TG623,A27,475
649,Business Class,87J,113,41,2020-10-08T08:44:43Z,340,TG375,B20,478
650,First Class,83X,736,35,2020-04-18T06:01:16Z,403,TG644,B08,265
651,Economy,97N,148,28,2019-10-20T13:41:52Z,273,TG505,B02,408
652,Economy,98Q,179,69,2020-05-19T22:40:30Z,79,TG747,A50,342
653,First Class,90F,747,65,2020-08-04T20:41:15Z,39,TG050,B66,415
654,Economy,68G,136,57,2020-05-17T16:42:47Z,385,TG875,A35,123
655,Economy,90X,138,44,2020-03-05T11:59:10Z,526,TG756,A15,216
656,Economy,96W,172,69,2020-06-03T23:46:04Z,33,TG062,A13,64
657,Economy,97T,171,51,2020-03-30T11:52:40Z,231,TG604,B00,38
658,First Class,95A,718,55,2020-03-06T06:30:11Z,306,TG358,A29,440
659,Business Class,79C,89,56,2020-03-05T07:00:42Z,67,TG687,B06,396
660,Economy,77P,86,63,2020-03-04T20:48:21Z,121,TG781,A10,599
661,Business Class,60G,98,54,2020-08-18T02:02:32Z,438,TG203,A53,537
662,First Class,93Z,708,59,2020-12-19T17:33:47Z,391,TG104,B19,482
663,Economy,70E,86,61,2020-06-05T01:38:27Z,256,TG596,A34,525
664,First Class,85Y,906,62,2020-04-05T19:43:30Z,222,TG164,B42,528
665,First Class,85J,859,68,2020-11-28T23:48:41Z,471,TG235,B02,93
666,Economy,96D,187,60,2020-12-05T23:14:34Z,315,TG722,B35,354
667,Economy,85P,186,55,2020-10-20T13:08:16Z,446,TG982,A41,483
668,Business Class,67I,131,27,2020-05-13T16:27:01Z,180,TG530,A33,334
669,Economy,85G,187,64,2019-11-23T01:19:18Z,323,TG340,A50,516
670,Business Class,84J,175,68,2020-04-16T05:53:31Z,348,TG583,B05,86
671,Economy,98U,147,30,2020-05-22T06:08:41Z,182,TG059,A62,567
672,Economy,88O,150,55,2020-12-05T23:14:34Z,515,TG722,B98,23
673,Economy,99T,170,50,2020-10-13T07:02:03Z,576,TG997,A34,217
674,Economy,94K,126,50,2020-05-09T11:44:02Z,243,TG838,A19,486
675,Economy,65N,200,68,2020-11-20T06:53:51Z,9,TG048,B47,57
676,Economy,62M,172,62,2020-12-08T03:04:17Z,434,TG928,B76,103
677,Economy,96F,81,69,2020-03-04T20:48:21Z,321,TG781,A85,332
678,First Class,73O,906,55,2020-04-03T20:18:45Z,216,TG420,A35,194
679,Economy,81B,163,65,2020-03-20T03:20:41Z,568,TG840,B96,77
680,Business Class,52D,170,66,2020-03-05T11:59:10Z,126,TG756,A80,385
681,Economy,97X,192,61,2020-03-10T23:20:51Z,177,TG214,A73,36
682,Economy,82R,142,29,2020-09-23T12:50:02Z,371,TG672,A53,436
683,Economy,94B,189,56,2020-02-24T20:43:21Z,78,TG418,B12,25
684,Economy,95S,81,58,2019-12-08T21:25:00Z,336,TG736,B22,470
685,First Class,72G,739,66,2020-05-09T11:44:02Z,443,TG838,A33,559
686,Economy,91W,111,53,2020-03-21T21:53:08Z,451,TG135,B49,353
687,Economy,86D,148,59,2019-11-09T21:41:21Z,268,TG272,B05,21
688,Business Class,99L,113,63,2020-03-10T23:20:51Z,577,TG214,B82,211
689,First Class,97W,877,50,2019-10-08T03:28:41Z,247,TG212,A83,458
690,Business Class,94J,138,66,2020-02-20T04:13:53Z,101,TG940,B27,8
691,Economy,89C,137,63,2020-08-16T21:48:26Z,588,TG990,A89,359
692,First Class,86K,873,64,2019-12-13T17:16:20Z,65,TG663,B77,156
693,Business Class,94Q,162,66,2020-04-13T16:11:18Z,11,TG331,B44,68
694,Economy,82Y,100,63,2020-03-10T23:20:51Z,377,TG214,B73,364
695,Economy,13P,132,53,2020-12-16T11:57:34Z,481,TG122,A76,188
696,Economy,96H,119,54,2020-02-05T12:59:36Z,509,TG270,A10,203
697,First Class,91X,739,52,2020-06-19T07:02:23Z,488,TG972,A65,141
698,Economy,63B,110,62,2020-04-02T08:20:55Z,558,TG584,A18,464
699,Economy,83F,90,48,2020-02-24T05:29:07Z,258,TG532,A20,8
700,First Class,73M,718,65,2020-08-24T21:14:10Z,91,TG485,A68,17
701,Economy,33Z,120,52,2020-10-15T14:56:45Z,118,TG445,B60,477
702,Business Class,93A,126,57,2020-02-07T09:39:05Z,412,TG958,B46,391
703,Business Class,74X,185,62,2020-04-05T19:43:30Z,422,TG164,B00,95
704,Economy,98Y,191,61,2020-12-05T18:50:13Z,137,TG590,A77,510
705,Business Class,91F,155,67,2020-10-22T04:06:07Z,105,TG479,A51,194
706,Economy,95M,118,39,2019-12-21T07:00:17Z,269,TG749,A25,270
707,Business Class,90P,118,60,2019-09-27T02:20:05Z,516,TG516,A02,563
708,Business Class,82E,144,46,2020-08-04T20:41:15Z,239,TG050,B22,97
709,Economy,91L,198,66,2020-10-14T05:51:39Z,308,TG228,A09,12
710,Economy,94N,167,59,2020-01-13T17:15:24Z,96,TG457,B06,44
711,Economy,84S,182,51,2020-08-08T07:08:51Z,459,TG533,A44,70
712,Business Class,60J,110,54,2019-11-09T06:21:39Z,156,TG110,B37,234
713,Economy,82O,191,63,2019-10-29T00:43:49Z,117,TG289,A93,236
714,Business Class,38A,150,44,2020-06-28T14:42:33Z,172,TG607,B71,85
715,Economy,92H,161,60,2019-11-21T23:22:39Z,187,TG220,B54,589
716,Business Class,60I,188,41,2020-03-30T11:52:40Z,231,TG604,B53,143
717,Business Class,85A,154,65,2020-10-13T15:52:58Z,159,TG782,A36,197
718,First Class,91E,935,43,2020-10-05T06:06:43Z,573,TG831,B09,108
719,Business Class,76S,120,51,2020-07-14T13:06:40Z,266,TG825,B49,305
720,Business Class,63F,182,64,2020-02-24T05:29:07Z,258,TG532,A30,212
721,First Class,81Q,927,66,2020-10-01T11:39:10Z,298,TG837,A15,326
722,Economy,81I,175,61,2020-03-25T10:03:45Z,530,TG165,B06,230
723,Economy,89J,112,61,2020-06-16T15:29:17Z,546,TG226,A06,169
724,Economy,75I,120,29,2020-12-16T18:57:04Z,489,TG036,A84,14
725,Business Class,85R,100,30,2020-12-17T23:57:28Z,578,TG368,B02,20
726,Economy,99S,85,57,2020-08-05T04:31:28Z,272,TG005,B92,519
727,Economy,91R,186,68,2020-10-09T03:02:19Z,226,TG455,B34,382
728,Economy,93T,146,46,2020-08-03T08:25:38Z,25,TG670,B34,527
729,Economy,75B,167,57,2019-12-08T21:25:00Z,336,TG736,B89,142
730,First Class,51V,833,66,2020-03-30T11:52:40Z,431,TG604,B30,100
731,First Class,99X,995,59,2020-08-08T08:55:52Z,485,TG682,A39,349
732,First Class,83I,715,58,2019-11-09T06:21:39Z,356,TG110,B95,535
733,First Class,64L,923,64,2020-05-19T22:40:30Z,279,TG747,B89,549
734,First Class,80G,975,60,2020-06-29T23:16:21Z,165,TG506,B95,471
735,Business Class,81L,163,43,2020-09-04T07:29:40Z,294,TG702,A30,190
736,Economy,89S,82,20,2019-11-23T01:19:18Z,523,TG340,B67,458
737,Economy,87B,93,60,2020-08-24T21:14:10Z,291,TG485,A55,405
738,First Class,80C,839,61,2020-06-16T20:41:17Z,341,TG350,A20,162
739,First Class,77Z,948,55,2020-10-20T13:08:16Z,446,TG982,A49,16
740,Business Class,82B,103,69,2020-02-24T20:43:21Z,278,TG418,B96,502
741,Business Class,90P,174,61,2020-05-28T22:53:13Z,596,TG667,A15,564
742,Economy,87A,197,52,2020-08-16T21:48:26Z,388,TG990,B61,599
743,Economy,93I,114,67,2020-08-10T16:39:07Z,41,TG489,A49,231
744,Economy,73J,111,63,2020-08-08T04:25:01Z,575,TG764,A45,466
745,Economy,97X,125,67,2020-03-05T11:59:10Z,126,TG756,A92,283
746,Business Class,91P,94,67,2020-09-04T07:29:40Z,294,TG702,B54,394
747,Business Class,97O,137,25,2020-01-13T17:15:24Z,296,TG457,A73,580
748,First Class,90I,922,56,2019-11-29T20:26:37Z,97,TG017,B72,164
749,Business Class,98P,144,66,2020-12-25T05:55:39Z,293,TG711,B60,153
750,First Class,99W,706,51,2019-11-23T01:19:18Z,523,TG340,A34,530
751,Economy,71K,189,60,2020-10-27T21:12:09Z,75,TG905,B76,22
752,Economy,98X,174,65,2020-04-14T09:32:35Z,220,TG822,B90,310
753,Economy,97W,105,36,2020-07-20T14:41:21Z,179,TG531,A21,165
754,Economy,57R,133,46,2020-05-02T01:14:46Z,77,TG763,B95,184
755,Economy,96X,80,61,2020-05-19T19:09:19Z,4,TG085,B35,320
756,Business Class,92M,109,67,2020-10-08T08:44:43Z,540,TG375,A34,253
757,Economy,84S,199,67,2020-12-17T23:57:28Z,178,TG368,B58,409
758,Economy,62R,160,43,2019-11-18T12:26:43Z,444,TG492,B28,375
759,First Class,99H,811,53,2020-12-25T05:55:39Z,293,TG711,B83,68
760,First Class,57G,957,60,2020-04-23T20:30:04Z,40,TG358,B81,250
761,Business Class,94T,116,41,2020-08-08T08:55:52Z,285,TG682,A81,176
762,First Class,91B,846,57,2019-10-25T18:59:20Z,152,TG023,A23,117
763,Economy,71E,170,67,2019-09-27T20:50:20Z,235,TG519,A15,493
764,Business Class,85Z,127,61,2020-02-23T04:17:53Z,274,TG583,A73,172
765,Economy,77R,119,37,2020-08-15T15:56:04Z,393,TG836,B08,47
766,Economy,69Q,89,65,2020-12-10T12:45:13Z,450,TG449,A29,425
767,First Class,92N,760,66,2020-08-05T04:31:28Z,472,TG005,A79,102
768,Economy,95R,169,66,2020-02-21T05:32:44Z,307,TG613,B73,234
769,Economy,54T,200,67,2019-11-03T03:32:09Z,154,TG354,A49,569
770,Business Class,88D,135,57,2019-09-22T22:42:00Z,248,TG504,A29,158
771,Economy,76X,157,60,2020-08-29T17:47:33Z,567,TG094,B76,335
772,Economy,92J,164,61,2020-12-05T23:14:34Z,115,TG722,A87,434
773,Business Class,78L,149,51,2020-05-28T22:53:13Z,196,TG667,B66,302
774,Economy,74C,126,46,2020-02-21T05:32:44Z,307,TG613,B24,55
775,Economy,99Y,118,63,2020-12-22T20:56:40Z,124,TG763,A95,417
776,Business Class,94P,187,60,2019-09-27T11:58:47Z,290,TG003,A74,336
777,Economy,84I,117,40,2020-07-30T19:59:57Z,544,TG019,A45,441
778,First Class,48D,716,65,2020-03-21T21:53:08Z,251,TG135,A83,144
779,Economy,95H,150,64,2020-07-30T19:59:57Z,544,TG019,A85,378
780,Business Class,50V,93,64,2020-10-05T06:06:43Z,373,TG831,B47,143
781,First Class,93B,726,66,2020-04-02T08:20:55Z,358,TG584,A09,404
782,Economy,94A,166,40,2020-09-23T12:50:02Z,371,TG672,B35,218
783,Business Class,94S,103,63,2020-04-14T07:05:50Z,270,TG380,A86,336
784,First Class,92M,979,64,2020-09-15T00:34:41Z,122,TG857,A09,242
785,Business Class,93N,159,67,2020-12-08T03:04:17Z,34,TG928,B70,386
786,Economy,81V,96,66,2020-07-20T17:11:36Z,366,TG258,B89,264
787,Business Class,81I,94,67,2020-05-13T16:27:01Z,580,TG530,A91,25
788,Business Class,88S,102,66,2019-09-27T02:20:05Z,516,TG516,B03,196
789,First Class,64X,795,10,2020-06-19T07:02:23Z,288,TG972,B60,262
790,First Class,94R,732,53,2020-06-01T00:37:47Z,223,TG089,B77,564
791,First Class,94A,777,52,2020-05-22T06:08:41Z,582,TG059,B81,132
792,Business Class,81Q,104,50,2019-10-18T02:23:25Z,236,TG820,A51,173
793,First Class,95Q,942,41,2019-10-21T17:10:53Z,128,TG521,A89,590
794,Economy,98T,174,64,2020-08-18T02:02:32Z,238,TG203,B95,488
795,Economy,96B,170,63,2019-10-17T14:21:05Z,242,TG385,B88,291
796,Business Class,88T,170,60,2020-02-07T09:39:05Z,212,TG958,B71,114
797,Economy,97G,145,49,2019-10-17T14:21:05Z,242,TG385,A93,412
798,Economy,96P,111,51,2020-07-21T11:49:31Z,408,TG596,A29,126
799,Economy,87A,161,66,2020-07-21T11:49:31Z,8,TG596,B11,545
800,First Class,84E,728,50,2020-08-24T09:10:50Z,395,TG895,B71,586
801,First Class,88Z,985,58,2020-12-11T15:02:55Z,151,TG574,B72,547
802,Business Class,97M,83,68,2020-02-05T12:59:36Z,509,TG270,B89,242
803,First Class,92E,976,66,2020-02-23T04:17:53Z,274,TG583,B32,344
804,Economy,74L,190,59,2020-05-17T16:42:47Z,185,TG875,A93,4
805,Business Class,82J,138,69,2020-10-14T05:51:39Z,108,TG228,B95,130
806,Economy,56E,128,60,2019-10-25T18:59:20Z,152,TG023,A80,523
807,Business Class,97H,80,40,2020-04-14T07:05:50Z,470,TG380,B06,588
808,Economy,64D,150,68,2020-04-19T22:24:45Z,134,TG235,B12,92
809,First Class,64Q,752,31,2020-10-13T07:02:03Z,376,TG997,A81,54
810,Business Class,94T,94,65,2020-08-10T21:50:18Z,514,TG804,A47,569
811,Economy,99F,127,56,2019-10-13T15:57:00Z,110,TG673,A50,394
812,First Class,94V,918,59,2020-03-23T07:55:28Z,389,TG453,A84,257
813,First Class,89J,911,64,2020-06-06T00:38:09Z,186,TG237,B04,411
814,Business Class,77F,154,49,2020-10-13T07:02:03Z,176,TG997,A86,474
815,Business Class,96Z,80,34,2020-05-04T13:50:23Z,402,TG377,A62,170
816,Economy,90L,108,69,2020-10-13T15:56:42Z,83,TG888,A44,213
817,First Class,69W,748,68,2020-06-05T04:33:06Z,374,TG492,A25,298
818,Economy,83H,105,28,2020-05-19T19:09:19Z,4,TG085,A52,322
819,First Class,72L,723,41,2019-12-25T17:50:03Z,218,TG798,B75,147
820,Economy,89O,182,51,2020-04-14T09:32:35Z,420,TG822,A34,143
821,Economy,21K,100,35,2020-02-05T13:35:41Z,27,TG033,A19,257
822,Business Class,97W,189,67,2020-12-16T11:57:34Z,481,TG122,A10,264
823,Economy,32F,146,58,2020-02-07T09:39:05Z,412,TG958,A59,286
824,First Class,77A,856,63,2020-08-03T08:25:38Z,425,TG670,B09,9
825,Economy,98U,90,68,2020-09-02T23:32:01Z,237,TG106,A33,442
826,Business Class,85D,132,69,2020-08-16T21:48:26Z,188,TG990,B22,199
827,First Class,99P,896,67,2020-04-02T08:20:55Z,158,TG584,A66,204
828,First Class,79K,770,61,2020-02-23T04:17:53Z,474,TG583,B22,427
829,Economy,76C,131,46,2019-11-09T21:41:21Z,68,TG272,A34,362
830,Economy,94W,182,61,2020-03-10T23:20:51Z,577,TG214,B76,372
831,Economy,97F,106,69,2020-10-01T16:53:28Z,421,TG942,A00,11
832,Business Class,77X,191,48,2020-04-14T09:32:35Z,20,TG822,B49,214
833,Business Class,94Z,117,64,2019-09-27T11:58:47Z,290,TG003,A34,584
834,First Class,78Z,807,61,2020-08-03T08:25:38Z,225,TG670,A69,514
835,Business Class,93L,137,41,2020-07-12T11:36:09Z,463,TG495,B60,349
836,Business Class,96Z,178,51,2020-03-10T23:20:51Z,177,TG214,B22,451
837,Business Class,64H,102,61,2019-10-13T15:57:00Z,310,TG673,A25,357
838,First Class,92Y,989,36,2020-02-24T20:43:21Z,78,TG418,A98,156
839,Economy,80P,140,53,2020-06-06T13:15:14Z,254,TG098,B54,235
840,First Class,89Q,740,68,2020-10-13T07:02:03Z,576,TG997,A80,398
841,First Class,84X,742,63,2019-11-08T21:26:08Z,5,TG945,B19,222
842,First Class,90E,744,47,2020-06-29T23:16:21Z,365,TG506,A95,384
843,Business Class,91Y,154,66,2019-12-13T17:16:20Z,65,TG663,A34,404
844,Economy,96Z,98,63,2020-07-20T17:11:36Z,166,TG258,A45,496
845,Business Class,96S,148,38,2019-11-20T03:51:48Z,410,TG061,A16,516
846,Economy,97V,143,60,2020-07-13T05:58:13Z,464,TG938,B89,355
847,Business Class,79R,139,60,2020-12-05T18:50:13Z,537,TG590,A36,25
848,First Class,96Q,736,50,2020-08-30T20:38:30Z,592,TG799,B29,520
849,Business Class,98P,113,66,2020-04-18T06:01:16Z,3,TG644,A78,486
850,Economy,90M,110,61,2020-12-08T12:18:43Z,338,TG865,B04,535
851,Economy,95T,143,63,2020-10-13T07:02:03Z,376,TG997,A08,585
852,Business Class,95R,111,65,2020-05-28T22:53:13Z,396,TG667,B79,500
853,Economy,87S,188,27,2020-04-16T05:53:31Z,348,TG583,A34,401
854,First Class,92F,722,55,2020-05-28T22:53:13Z,396,TG667,B06,371
855,Economy,90X,113,60,2020-10-08T08:44:43Z,340,TG375,B59,45
856,Economy,99O,98,56,2020-01-04T16:46:03Z,147,TG891,A20,219
857,Economy,91F,147,61,2020-02-20T04:13:53Z,101,TG940,A84,17
858,First Class,94S,984,63,2020-06-06T13:15:14Z,454,TG098,B44,28
859,Business Class,99J,173,23,2019-09-20T11:31:11Z,381,TG273,A27,304
860,Economy,98J,130,31,2020-09-15T00:34:41Z,122,TG857,A06,530
861,Economy,92X,147,59,2019-09-25T01:41:42Z,7,TG501,B19,360
862,Economy,41F,141,68,2020-10-22T04:06:07Z,505,TG479,B59,58
863,Business Class,90R,124,66,2019-10-02T06:21:25Z,449,TG689,B92,171
864,Economy,95Q,196,48,2020-06-21T05:58:03Z,355,TG066,B73,533
865,Business Class,97A,186,68,2019-10-17T19:54:31Z,406,TG895,A13,374
866,Economy,49D,87,68,2019-10-17T19:54:31Z,6,TG895,B28,239
867,First Class,87N,744,68,2020-06-16T20:41:17Z,541,TG350,B29,281
868,Business Class,95B,123,47,2020-02-24T20:43:21Z,278,TG418,A00,183
869,Business Class,92E,168,69,2020-09-02T23:32:01Z,437,TG106,A98,116
870,Economy,60T,182,63,2020-02-24T05:29:07Z,58,TG532,A86,470
871,Business Class,98K,105,60,2020-08-05T04:31:28Z,272,TG005,A93,235
872,First Class,62Z,937,65,2019-10-31T12:47:55Z,213,TG735,A33,455
873,First Class,82A,839,61,2020-10-17T12:43:33Z,333,TG060,B05,225
874,First Class,97E,829,63,2020-10-22T04:06:07Z,505,TG479,B77,449
875,Economy,98F,85,50,2019-09-23T22:19:52Z,143,TG788,B82,438
876,Economy,84N,111,48,2019-12-25T17:50:03Z,18,TG798,B02,519
877,Business Class,97F,169,68,2020-06-05T01:38:27Z,256,TG596,A71,194
878,Business Class,93J,186,34,2020-03-05T11:59:10Z,326,TG756,A53,591
879,Economy,85Y,112,43,2020-07-12T17:11:10Z,598,TG018,A14,291
880,Business Class,80Z,152,54,2020-12-22T20:56:40Z,324,TG763,A27,595
881,Economy,71I,96,43,2020-04-06T10:20:36Z,570,TG880,A80,485
882,Business Class,92T,136,53,2020-07-13T05:58:13Z,64,TG938,B54,314
883,Business Class,79V,85,59,2019-12-08T21:25:00Z,136,TG736,B83,14
884,First Class,91Y,849,66,2020-09-23T12:50:02Z,571,TG672,B13,509
885,First Class,81I,994,60,2020-05-28T22:53:13Z,196,TG667,B90,506
886,Economy,81B,138,69,2020-07-30T19:59:57Z,344,TG019,A73,536
887,Economy,47L,157,31,2020-10-14T05:51:39Z,108,TG228,B98,368
888,Economy,70B,98,66,2020-11-21T03:42:04Z,84,TG879,A77,479
889,Business Class,97O,119,64,2019-12-07T07:27:02Z,87,TG939,A99,582
890,Economy,95R,121,55,2020-06-06T00:38:09Z,586,TG237,A71,552
891,Economy,93J,120,69,2020-06-28T14:42:33Z,372,TG607,A34,106
892,First Class,87A,910,50,2020-05-17T16:42:47Z,385,TG875,A60,236
893,Economy,97X,200,66,2019-09-23T22:19:52Z,143,TG788,B95,34
894,Economy,81A,147,52,2019-11-08T21:26:08Z,5,TG945,A35,575
895,Economy,79B,165,43,2020-04-02T08:20:55Z,358,TG584,A87,445
896,Economy,77V,86,63,2019-10-02T06:21:25Z,249,TG689,B11,571
897,Economy,89Z,119,67,2020-06-14T06:50:52Z,342,TG158,B82,5
898,Economy,80T,167,66,2020-01-15T09:01:42Z,502,TG952,A13,128
899,Economy,94V,101,32,2019-10-17T14:21:05Z,442,TG385,A36,547
900,Business Class,87Q,142,66,2020-05-09T15:15:12Z,161,TG810,A15,313
901,Business Class,43M,158,68,2020-04-16T05:53:31Z,148,TG583,A34,322
902,Business Class,93Y,153,58,2020-12-19T17:33:47Z,391,TG104,A31,389
903,Economy,94L,104,52,2019-12-25T17:50:03Z,218,TG798,B67,232
904,Economy,84N,92,50,2020-12-05T23:14:34Z,315,TG722,A83,284
905,Business Class,90P,99,61,2020-01-04T16:46:03Z,547,TG891,A75,253
906,Business Class,80N,156,62,2020-10-28T11:46:36Z,353,TG341,B05,357
907,Economy,85G,162,60,2020-03-10T23:20:51Z,577,TG214,B97,500
908,Economy,88U,142,63,2020-06-06T13:15:14Z,54,TG098,A42,178
909,Economy,72Y,177,41,2020-04-06T10:20:36Z,370,TG880,B90,551
910,Economy,88P,80,69,2019-12-07T07:27:02Z,487,TG939,B49,60
911,Business Class,80H,163,37,2020-02-24T20:43:21Z,478,TG418,B11,423
912,Business Class,57V,195,59,2019-11-29T20:26:37Z,497,TG017,A09,576
913,Economy,79R,81,49,2020-08-24T21:14:10Z,291,TG485,A98,572
914,First Class,95W,973,50,2019-10-17T14:21:05Z,242,TG385,B08,108
915,Economy,99B,106,52,2020-03-04T20:48:21Z,521,TG781,B84,300
916,Economy,97N,128,69,2020-10-13T00:41:57Z,486,TG046,A92,12
917,Business Class,98Z,124,21,2020-10-05T06:06:43Z,573,TG831,B84,108
918,Economy,83U,124,24,2020-02-20T04:13:53Z,501,TG940,B08,131
919,First Class,74F,901,26,2020-12-20T05:09:23Z,549,TG194,A80,105
920,Economy,74E,114,60,2020-04-16T05:53:31Z,148,TG583,A55,331
921,Economy,74F,88,37,2019-09-26T12:43:17Z,360,TG628,B47,4
922,Business Class,99D,186,67,2020-08-31T13:38:32Z,312,TG292,A53,450
923,First Class,91C,985,26,2019-11-09T06:21:39Z,156,TG110,B66,283
924,Economy,82Y,85,68,2020-04-27T17:53:59Z,255,TG057,A55,100
925,Economy,91H,97,69,2020-07-25T02:53:04Z,30,TG477,A34,347
926,Economy,84P,175,68,2020-08-16T21:48:26Z,388,TG990,B14,329
927,Economy,75Q,191,63,2019-09-23T22:19:52Z,543,TG788,A29,562
928,Economy,93I,92,60,2019-11-22T07:50:56Z,417,TG834,A51,389
929,Economy,94B,184,69,2020-09-23T12:50:02Z,371,TG672,B70,393
930,First Class,54A,911,50,2019-11-20T03:51:48Z,410,TG061,A69,411
931,Economy,91F,100,62,2020-11-30T05:08:44Z,215,TG730,B35,28
932,Economy,88K,165,69,2020-05-23T13:26:44Z,111,TG915,A30,118
933,Economy,96F,98,30,2020-01-04T00:40:56Z,276,TG344,A29,192
934,Business Class,97S,171,62,2020-10-28T09:43:26Z,482,TG967,A29,311
935,Economy,80I,86,67,2020-12-08T03:04:17Z,234,TG928,B22,294
936,Economy,67H,147,55,2019-10-21T17:10:53Z,128,TG521,B97,428
937,Economy,61L,183,59,2019-11-03T03:32:09Z,154,TG354,B97,13
938,Economy,98E,138,22,2020-12-16T18:57:04Z,289,TG036,A51,306
939,Economy,63U,127,50,2020-03-21T21:53:08Z,451,TG135,B80,48
940,First Class,95L,853,61,2020-04-27T17:53:59Z,55,TG057,A45,42
941,First Class,90C,970,20,2020-04-23T20:30:04Z,40,TG358,A09,54
942,First Class,98O,787,68,2019-12-26T23:47:53Z,260,TG885,A33,75
943,First Class,91Z,915,53,2020-05-17T16:42:47Z,185,TG875,A69,341
944,Business Class,98E,126,66,2020-01-27T08:40:16Z,504,TG879,A46,569
945,Economy,86F,181,48,2020-11-28T23:48:41Z,471,TG235,A53,309
946,Economy,82D,143,53,2020-01-13T17:15:24Z,496,TG457,B97,215
947,Economy,91S,133,56,2019-09-22T22:42:00Z,448,TG504,A33,564
948,Economy,95U,93,52,2020-03-25T10:03:45Z,330,TG165,A71,432
949,Business Class,85U,115,62,2020-04-14T09:32:35Z,220,TG822,B77,16
950,Economy,92A,152,40,2020-01-04T16:46:03Z,347,TG891,B70,379
951,First Class,84K,817,55,2020-01-27T08:40:16Z,104,TG879,A34,412
952,Business Class,86H,163,64,2020-03-02T07:11:27Z,563,TG159,A87,309
953,Economy,90O,142,66,2019-10-31T12:47:55Z,213,TG735,B19,457
954,Economy,80Q,140,66,2020-12-25T05:55:39Z,493,TG711,B49,158
955,First Class,91K,702,59,2020-08-24T21:14:10Z,291,TG485,B83,57
956,Business Class,94M,82,30,2020-10-09T03:02:19Z,226,TG455,A19,45
957,Economy,96U,179,59,2019-12-08T21:25:00Z,536,TG736,A27,218
958,Business Class,56H,110,63,2020-11-21T03:42:04Z,84,TG879,B03,508
959,Economy,91K,113,68,2020-11-28T23:48:41Z,71,TG235,B44,256
960,Business Class,97W,100,65,2020-03-29T02:39:44Z,125,TG805,A31,80
961,Economy,97Y,154,63,2019-10-08T03:28:41Z,447,TG212,B49,102
962,First Class,93V,938,61,2020-07-12T17:11:10Z,598,TG018,A19,485
963,Economy,96I,103,66,2020-09-04T17:08:49Z,527,TG376,B28,300
964,First Class,83B,973,61,2020-07-12T11:36:09Z,463,TG495,B59,263
965,Economy,52J,138,67,2020-01-04T16:46:03Z,347,TG891,B95,221
966,Economy,96G,83,68,2019-09-20T11:31:11Z,381,TG273,B29,15
967,First Class,91P,793,56,2019-11-08T21:26:08Z,205,TG945,A64,97
968,Economy,71L,130,46,2020-09-19T18:28:03Z,519,TG803,A93,579
969,Economy,98L,146,63,2020-08-21T22:02:55Z,503,TG071,B49,323
970,Economy,91K,100,67,2020-01-31T22:13:52Z,390,TG771,A45,278
971,Economy,90W,120,40,2020-11-20T06:53:51Z,409,TG048,B61,108
972,Economy,97L,152,52,2019-10-17T04:18:16Z,62,TG879,A16,65
973,First Class,96U,855,56,2020-07-12T11:36:09Z,263,TG495,A86,550
974,Business Class,86P,158,67,2020-04-19T22:24:45Z,534,TG235,A73,379
975,Economy,88P,188,37,2020-11-28T23:48:41Z,471,TG235,A00,482
976,First Class,81Q,704,43,2020-08-15T15:56:04Z,193,TG836,B49,324
977,Economy,73H,177,33,2020-10-13T15:56:42Z,483,TG888,B63,51
978,Economy,79Y,135,55,2019-11-21T18:37:08Z,564,TG863,B89,416
979,First Class,84E,934,67,2020-08-08T07:08:51Z,59,TG533,B57,537
980,Economy,99U,151,45,2020-03-20T03:20:41Z,568,TG840,A13,129
981,Economy,91M,179,55,2020-04-27T17:53:59Z,455,TG057,B42,391
982,Business Class,91I,99,65,2020-10-28T11:46:36Z,353,TG341,A68,104
983,First Class,62G,905,56,2020-10-05T06:06:43Z,573,TG831,B44,390
984,Economy,94X,80,33,2020-09-03T00:11:31Z,495,TG472,A79,265
985,Economy,92T,163,55,2020-08-31T13:38:32Z,112,TG292,B49,440
986,Business Class,99U,129,67,2020-01-13T17:15:24Z,96,TG457,B01,93
987,Business Class,92P,166,69,2020-06-28T14:42:33Z,372,TG607,B27,370
988,Economy,83B,112,65,2020-04-14T07:05:50Z,270,TG380,A93,66
989,Business Class,98K,176,60,2020-10-13T07:02:03Z,576,TG997,A89,442
990,First Class,63P,832,55,2020-12-16T18:57:04Z,489,TG036,B72,30
991,First Class,55E,912,46,2020-08-05T04:31:28Z,72,TG005,A27,386
992,First Class,91N,845,61,2020-08-29T17:47:33Z,367,TG094,A27,164
993,First Class,92M,708,40,2020-07-12T17:11:10Z,598,TG018,A69,142
994,Economy,85F,143,53,2019-10-18T02:23:25Z,36,TG820,B22,563
995,Business Class,98O,107,64,2020-10-13T00:41:57Z,86,TG046,B61,451
996,Business Class,98W,131,66,2020-08-29T17:47:33Z,567,TG094,B08,109
997,Economy,95G,151,65,2019-11-09T16:34:17Z,157,TG018,A34,181
998,Business Class,36N,92,60,2020-03-30T11:52:40Z,31,TG604,B08,464
999,Economy,93M,102,46,2019-11-09T16:34:17Z,157,TG018,A08,388
1000,Business Class,97Q,159,65,2020-09-16T04:57:15Z,599,TG956,B97,185
